	sample	lambda
0	('ZN9YTFN', 1, 'HMP2_J00825_1_ST_T0_B0_0120_ZN9YTFN-01_AA31J.biom')	1.0
1	('ZN9YTFN', 2, 'HMP2_J00826_1_ST_T0_B0_0120_ZN9YTFN-1011_AA31J.biom')	1.0
2	('ZN9YTFN', 3, 'HMP2_J00827_1_ST_T0_B0_0120_ZN9YTFN-1012_AA31J.biom')	1.0
3	('ZN9YTFN', 4, 'HMP2_J00828_1_ST_T0_B0_0120_ZN9YTFN-1013_AA31J.biom')	1.0
4	('ZN9YTFN', 5, 'HMP2_J00829_1_ST_T0_B0_0120_ZN9YTFN-1014_AA31J.biom')	1.0
5	('ZN9YTFN', 6, 'HMP2_J00830_1_ST_T0_B0_0120_ZN9YTFN-1015_AA31J.biom')	1.0
6	('ZMGT937', 1, 'HMP2_J00831_1_ST_T0_B0_0122_ZMGT937-01_AA31J.biom')	1.0
7	('ZMGT937', 2, 'HMP2_J00832_1_ST_T0_B0_0122_ZMGT937-02_AA31J.biom')	1.0
8	('ZMGT937', 4, 'HMP2_J00833_1_ST_T0_B0_0122_ZMGT937-1013_AA31J.biom')	1.0
9	('ZMGT937', 6, 'HMP2_J00834_1_ST_T0_B0_0122_ZMGT937-1014_AA31J.biom')	1.0
10	('ZLZQMEV', 1, 'HMP2_J00835_1_ST_T0_B0_0122_ZLZQMEV-01_AA31J.biom')	1.0
11	('ZLZQMEV', 8, 'HMP2_J00836_1_ST_T0_B0_0120_ZLZQMEV-03_AA31J.biom')	1.0
12	('ZLZQMEV', 3, 'HMP2_J00837_1_ST_T0_B0_0122_ZLZQMEV-1012_AA31J.biom')	1.0
13	('ZLZQMEV', 5, 'HMP2_J00838_1_ST_T0_B0_0122_ZLZQMEV-1014_AA31J.biom')	1.0
14	('ZLZQMEV', 7, 'HMP2_J00839_1_ST_T0_B0_0122_ZLZQMEV-1015_AA31J.biom')	1.0
15	('ZLZNCLZ', 1, 'HMP2_J00840_1_ST_T0_B0_0120_ZLZNCLZ-01_AA31J.biom')	1.0
16	('ZLZNCLZ', 4, 'HMP2_J00841_1_ST_T0_B0_0120_ZLZNCLZ-1013_AA31J.biom')	1.0
17	('ZLYEM2C', 1, 'HMP2_J00842_1_ST_T0_B0_0122_ZLYEM2C-01_AA31J.biom')	1.0
18	('ZLYEM2C', 5, 'HMP2_J00843_1_ST_T0_B0_0122_ZLYEM2C-03_AA31J.biom')	1.0
19	('ZLYEM2C', 3, 'HMP2_J00844_1_ST_T0_B0_0122_ZLYEM2C-1011_AA31J.biom')	1.0
20	('ZLGD9M0', 1, 'HMP2_J00845_1_ST_T0_B0_0120_ZLGD9M0-05_AA31J.biom')	1.0
21	('ZLGD9M0', 6, 'HMP2_J00846_1_ST_T0_B0_0122_ZLGD9M0-07_AA31J.biom')	1.0
22	('ZLGD9M0', 3, 'HMP2_J00847_1_ST_T0_B0_0122_ZLGD9M0-1012_AA31J.biom')	1.0
23	('ZK112BX', 2, 'HMP2_J00849_1_NS_T0_B0_0120_ZLGD9M0-1014_AAH7B.biom')	1.0
24	('ZL9BTWF', 1, 'HMP2_J00850_1_ST_T0_B0_0122_ZL9BTWF-03_AA31J.biom')	1.0
25	('ZL9BTWF', 2, 'HMP2_J00851_1_ST_T0_B0_0122_ZL9BTWF-04_AA31J.biom')	1.0
26	('ZL9BTWF', 3, 'HMP2_J00852_1_ST_T0_B0_0122_ZL9BTWF-05_AA31J.biom')	1.0
27	('ZL9BTWF', 4, 'HMP2_J00853_1_ST_T0_B0_0122_ZL9BTWF-06_AA31J.biom')	1.0
28	('ZL9BTWF', 6, 'HMP2_J00854_1_ST_T0_B0_0122_ZL9BTWF-1012_AA31J.biom')	1.0
29	('ZL9BTWF', 7, 'HMP2_J00855_1_ST_T0_B0_0122_ZL9BTWF-1013_AA31J.biom')	1.0
30	('ZKVR426', 1, 'HMP2_J00856_1_ST_T0_B0_0122_ZKVR426-01_AA31J.biom')	1.0
31	('ZKVR426', 2, 'HMP2_J00857_1_ST_T0_B0_0120_ZKVR426-02_AA31J.biom')	1.0
32	('ZKVR426', 3, 'HMP2_J00858_1_ST_T0_B0_0120_ZKVR426-03_AA31J.biom')	1.0
33	('ZKVR426', 4, 'HMP2_J00859_1_ST_T0_B0_0122_ZKVR426-04_AA31J.biom')	1.0
34	('ZKVR426', 10, 'HMP2_J00860_1_ST_T0_B0_0122_ZKVR426-06_AA31J.biom')	1.0
35	('ZKVR426', 6, 'HMP2_J00861_1_ST_T0_B0_0122_ZKVR426-1012_AA31J.biom')	1.0
36	('ZKVR426', 7, 'HMP2_J00862_1_ST_T0_B0_0122_ZKVR426-1013_AA31J.biom')	1.0
37	('ZKVR426', 8, 'HMP2_J00863_1_ST_T0_B0_0122_ZKVR426-1014_AA31J.biom')	1.0
38	('ZKVR426', 9, 'HMP2_J00864_1_ST_T0_B0_0122_ZKVR426-1015_AA31J.biom')	1.0
39	('ZN0JE53', 1, 'HMP2_J00872_1_ST_T0_B0_0122_ZN0JE53-01_AA31J.biom')	1.0
40	('ZN0JE53', 2, 'HMP2_J00873_1_ST_T0_B0_0122_ZN0JE53-02_AA31J.biom')	1.0
41	('ZN0JE53', 3, 'HMP2_J00874_1_ST_T0_B0_0122_ZN0JE53-03_AA31J.biom')	1.0
42	('ZMBVNFM', 2, 'HMP2_J00876_1_ST_T0_B0_0120_ZMBVNFM-02_AA31J.biom')	1.0
43	('ZMBVNFM', 3, 'HMP2_J00877_1_ST_T0_B0_0120_ZMBVNFM-03_AA31J.biom')	1.0
44	('ZMBVNFM', 4, 'HMP2_J00878_1_ST_T0_B0_0120_ZMBVNFM-04_AA31J.biom')	1.0
45	('ZMBH10Z', 1, 'HMP2_J00879_1_ST_T0_B0_0122_ZMBH10Z-01_AA31J.biom')	1.0
46	('ZMBH10Z', 2, 'HMP2_J00880_1_ST_T0_B0_0122_ZMBH10Z-02_AA31J.biom')	1.0
47	('ZMBH10Z', 3, 'HMP2_J00881_1_ST_T0_B0_0122_ZMBH10Z-03_AA31J.biom')	1.0
48	('ZM7JY3G', 1, 'HMP2_J00882_1_ST_T0_B0_0122_ZM7JY3G-01_AA31J.biom')	1.0
49	('ZM7JY3G', 2, 'HMP2_J00883_1_ST_T0_B0_0122_ZM7JY3G-02_AA31J.biom')	1.0
50	('ZM7JY3G', 4, 'HMP2_J00884_1_ST_T0_B0_0122_ZM7JY3G-04_AA31J.biom')	1.0
51	('ZKFV71L', 1, 'HMP2_J00885_1_ST_T0_B0_0122_ZKFV71L-01_AA31J.biom')	1.0
52	('ZKFV71L', 2, 'HMP2_J00886_1_ST_T0_B0_0122_ZKFV71L-02_AA31J.biom')	1.0
53	('ZKFV71L', 4, 'HMP2_J00887_1_ST_T0_B0_0122_ZKFV71L-04_AA31J.biom')	1.0
54	('ZK4CK8Y', 2, 'HMP2_J00888_1_ST_T0_B0_0120_ZK4CK8Y-02_AA31J.biom')	1.0
55	('ZK4CK8Y', 3, 'HMP2_J00889_1_ST_T0_B0_0120_ZK4CK8Y-03_AA31J.biom')	1.0
56	('ZK4CK8Y', 4, 'HMP2_J00890_1_ST_T0_B0_0120_ZK4CK8Y-04_AA31J.biom')	1.0
57	('ZJTKAE3', 1, 'HMP2_J00891_1_ST_T0_B0_0122_ZJTKAE3-01_AA31J.biom')	1.0
58	('ZJTKAE3', 2, 'HMP2_J00892_1_ST_T0_B0_0122_ZJTKAE3-02_AA31J.biom')	1.0
59	('ZJTKAE3', 4, 'HMP2_J00893_1_ST_T0_B0_0122_ZJTKAE3-04_AA31J.biom')	1.0
60	('ZN9YTFN', 6, 'HMP2_J00894_1_ST_T0_B0_0120_ZN9YTFN-1015X_AA31J.biom')	1.0
61	('ZL9BTWF', 3, 'HMP2_J00895_1_ST_T0_B0_0120_ZL9BTWF-05X_AA31J.biom')	1.0
62	('ZN0JE53', 4, 'HMP2_J04182_1_ST_T0_B0_0122_ZN0JE53-04_AAH7B.biom')	1.0
63	('ZOZOW1T', 1, 'HMP2_J05379_1_ST_T0_B0_0120_ZOZOW1T-44ST_AAH7B.biom')	1.0
64	('ZOZOW1T', 3, 'HMP2_J05381_1_ST_T0_B0_0120_ZOZOW1T-48bST_AAH7B.biom')	1.0
65	('ZOZOW1T', 4, 'HMP2_J05383_1_ST_T0_B0_0120_ZOZOW1T-49ST_AAH7B.biom')	1.0
66	('ZOZOW1T', 5, 'HMP2_J05385_1_ST_T0_B0_0120_ZOZOW1T-53ST_AAH7B.biom')	1.0
67	('ZOZOW1T', 7, 'HMP2_J05387_1_ST_T0_B0_0120_ZOZOW1T-54bST_AAH7B.biom')	1.0
68	('ZOZOW1T', 6, 'HMP2_J05389_1_ST_T0_B0_0120_ZOZOW1T-54ST_AAH7B.biom')	1.0
69	('ZOZOW1T', 8, 'HMP2_J05391_1_ST_T0_B0_0120_ZOZOW1T-55ST_AAH7B.biom')	1.0
70	('ZOZOW1T', 9, 'HMP2_J05393_1_ST_T0_B0_0120_ZOZOW1T-56ST_AAH7B.biom')	1.0
71	('ZOZOW1T', 10, 'HMP2_J05395_1_ST_T0_B0_0120_ZOZOW1T-57ST_AAH7B.biom')	1.0
72	('ZOZOW1T', 11, 'HMP2_J05397_1_ST_T0_B0_0120_ZOZOW1T-58bST_AAH7B.biom')	1.0
73	('ZOZOW1T', 11, 'HMP2_J05399_1_ST_T0_B0_0120_ZOZOW1T-58ST_AAH7B.biom')	1.0
74	('ZOZOW1T', 13, 'HMP2_J05401_1_ST_T0_B0_0120_ZOZOW1T-59ST_AAH7B.biom')	1.0
75	('ZN9YTFN', 7, 'HMP2_J05404_1_ST_T0_B0_0120_ZN9YTFN-03_AAH7B.biom')	1.0
76	('ZMBH10Z', 4, 'HMP2_J05409_1_ST_T0_B0_0122_ZMBH10Z-04_AAH7B.biom')	1.0
77	('ZLZNCLZ', 7, 'HMP2_J05418_1_ST_T0_B0_0120_ZLZNCLZ-03_AAH7B.biom')	1.0
78	('ZLZNCLZ', 2, 'HMP2_J05420_1_ST_T0_B0_0120_ZLZNCLZ-1011_AAH7B.biom')	1.0
79	('ZLZNCLZ', 3, 'HMP2_J05422_1_ST_T0_B0_0122_ZLZNCLZ-1012_AAH7B.biom')	1.0
80	('ZLGD9M0', 5, 'HMP2_J05434_1_ST_T0_B0_0120_ZLGD9M0-1014_AA31J.biom')	1.0
81	('ZL9BTWF', 8, 'HMP2_J05437_1_ST_T0_B0_0122_ZL9BTWF-07_AAH7B.biom')	1.0
82	('ZK4CK8Y', 1, 'HMP2_J05447_1_ST_T0_B0_0120_ZK4CK8Y-01_AAH7B.biom')	1.0
83	('ZOZOW1T', 39, 'HMP2_J08148_1_ST_T0_B0_0120_ZOZOW1T-82_ACNUP.biom')	1.0
84	('ZOZOW1T', 40, 'HMP2_J08149_1_ST_T0_B0_0120_ZOZOW1T-83_ACNUP.biom')	1.0
85	('ZOZOW1T', 42, 'HMP2_J08150_1_ST_T0_B0_0120_ZOZOW1T-6011_ACNUP.biom')	1.0
86	('ZOZOW1T', 43, 'HMP2_J08151_1_ST_T0_B0_0120_ZOZOW1T-6011.1_ACNUP.biom')	1.0
87	('ZOZOW1T', 44, 'HMP2_J08152_1_ST_T0_B0_0120_ZOZOW1T-6011.2_ACNUP.biom')	1.0
88	('ZOZOW1T', 46, 'HMP2_J08153_1_ST_T0_B0_0120_ZOZOW1T-6012_ACNUP.biom')	1.0
89	('ZOZOW1T', 47, 'HMP2_J08154_1_ST_T0_B0_0120_ZOZOW1T-6012.1_ACNUP.biom')	1.0
90	('ZOZOW1T', 48, 'HMP2_J08155_1_ST_T0_B0_0120_ZOZOW1T-6012.2_ACNUP.biom')	1.0
91	('ZOZOW1T', 49, 'HMP2_J08156_1_ST_T0_B0_0120_ZOZOW1T-6013_ACNUP.biom')	1.0
92	('ZOZOW1T', 49, 'HMP2_J08157_1_ST_T0_B0_0120_ZOZOW1T-6013A_ACNUP.biom')	1.0
93	('ZOZOW1T', 51, 'HMP2_J08158_1_ST_T0_B0_0120_ZOZOW1T-6014_ACNUP.biom')	1.0
94	('ZOZOW1T', 57, 'HMP2_J08159_1_ST_T0_B0_0120_ZOZOW1T-6015_ACNUP.biom')	1.0
95	('ZOZOW1T', 58, 'HMP2_J08160_1_ST_T0_B0_0120_ZOZOW1T-6015.1_ACNUP.biom')	1.0
96	('ZOZOW1T', 59, 'HMP2_J08161_1_ST_T0_B0_0120_ZOZOW1T-6015.2A_ACNUP.biom')	1.0
97	('ZOZOW1T', 59, 'HMP2_J08162_1_ST_T0_B0_0120_ZOZOW1T-6015.2B_ACNUP.biom')	1.0
98	('ZOZOW1T', 60, 'HMP2_J08163_1_ST_T0_B0_0120_ZOZOW1T-6016_ACNUP.biom')	1.0
99	('ZOZOW1T', 61, 'HMP2_J08164_1_ST_T0_B0_0120_ZOZOW1T-6016.1_ACNUP.biom')	1.0
100	('ZOZOW1T', 62, 'HMP2_J08165_1_ST_T0_B0_0120_ZOZOW1T-6016.2_ACNUP.biom')	1.0
101	('ZOZOW1T', 64, 'HMP2_J08166_1_ST_T0_B0_0120_ZOZOW1T-6016.3_ACNUP.biom')	1.0
102	('ZVNCGHM', 7, 'HMP2_J08167_1_ST_T0_B0_0120_ZVNCGHM-02_ACNUP.biom')	1.0
103	('ZVNCGHM', 8, 'HMP2_J08168_1_ST_T0_B0_0120_ZVNCGHM-6012_ACNUP.biom')	1.0
104	('ZVNCGHM', 9, 'HMP2_J08169_1_ST_T0_B0_0120_ZVNCGHM-6013_ACNUP.biom')	1.0
105	('ZVNCGHM', 10, 'HMP2_J08170_1_ST_T0_B0_0120_ZVNCGHM-6014_ACNUP.biom')	1.0
106	('ZVNCGHM', 11, 'HMP2_J08171_1_ST_T0_B0_0120_ZVNCGHM-6015_ACNUP.biom')	1.0
107	('ZVNCGHM', 12, 'HMP2_J08172_1_ST_T0_B0_0120_ZVNCGHM-6016_ACNUP.biom')	1.0
108	('ZM7JY3G', 5, 'HMP2_J09104_1_ST_T0_B0_0120_ZM7JY3G-05_ADM3N.biom')	1.0
109	('ZM7JY3G', 6, 'HMP2_J09105_1_ST_T0_B0_0120_ZM7JY3G-07_ADM3N.biom')	1.0
110	('ZKVR426', 11, 'HMP2_J09110_1_ST_T0_B0_0120_ZKVR426-07-AL1_ADM3N.biom')	1.0
111	('ZKFV71L', 5, 'HMP2_J09111_1_ST_T0_B0_0120_ZKFV71L-05X_ADM3N.biom')	1.0
112	('ZKFV71L', 5, 'HMP2_J09111_1_ST_T0_B0_0122_ZKFV71L-05X_AAH7B.biom')	1.0
113	('ZK4CK8Y', 5, 'HMP2_J09112_1_ST_T0_B0_0120_ZK4CK8Y-05_ADM3N.biom')	1.0
114	('ZK4CK8Y', 6, 'HMP2_J09113_1_ST_T0_B0_0120_ZK4CK8Y-06_ADM3N.biom')	1.0
115	('ZLGD9M0', 7, 'HMP2_J09115_1_ST_T0_B0_0120_ZLGD9M0-08_ADM3N.biom')	1.0
116	('ZLGD9M0', 8, 'HMP2_J09116_1_ST_T0_B0_0120_ZLGD9M0-09_ADM3N.biom')	1.0
117	('ZL9BTWF', 15, 'HMP2_J09117_1_ST_T0_B0_0120_ZL9BTWF-09_ADM3N.biom')	1.0
118	('ZL9BTWF', 10, 'HMP2_J09118_1_ST_T0_B0_0120_ZL9BTWF-1022_ADM3N.biom')	1.0
119	('ZL9BTWF', 11, 'HMP2_J09119_1_ST_T0_B0_0120_ZL9BTWF-1023_ADM3N.biom')	1.0
120	('ZL9BTWF', 12, 'HMP2_J09120_1_ST_T0_B0_0120_ZL9BTWF-1024_ADM3N.biom')	1.0
121	('ZL9BTWF', 14, 'HMP2_J09121_1_ST_T0_B0_0120_ZL9BTWF-1025_ADM3N.biom')	1.0
122	('ZKVR426', 11, 'HMP2_J09122_1_ST_T0_B0_0120_ZKVR426-07-AL2_ADM3N.biom')	1.0
123	('ZMGT937', 7, 'HMP2_J09130_1_ST_T0_B0_0120_ZMGT937-04_ADM3N.biom')	1.0
124	('ZMGT937', 8, 'HMP2_J09131_1_ST_T0_B0_0120_ZMGT937-05_ADM3N.biom')	1.0
125	('ZMGT937', 3, 'HMP2_J09132_1_ST_T0_B0_0120_ZMGT937-1011_ADM3N.biom')	1.0
126	('ZMGT937', 4, 'HMP2_J09133_1_ST_T0_B0_0120_ZMGT937-1012_ADM3N.biom')	1.0
127	('ZLZQMEV', 9, 'HMP2_J09134_1_ST_T0_B0_0120_ZLZQMEV-04_ADM3N.biom')	1.0
128	('ZLZQMEV', 5, 'HMP2_J09135_1_ST_T0_B0_0120_ZLZQMEV-1014X_ADM3N.biom')	1.0
129	('ZOBX723', 3, 'HMP2_J09136_1_ST_T0_B0_0120_ZOBX723-1014_ADM3N.biom')	1.0
130	('ZOBX723', 4, 'HMP2_J09137_1_ST_T0_B0_0120_ZOBX723-1015_ADM3N.biom')	1.0
131	('ZX52KVK', 2, 'HMP2_J09138_1_ST_T0_B0_0120_ZX52KVK-01_ADM3N.biom')	1.0
132	('ZX52KVK', 8, 'HMP2_J09139_1_ST_T0_B0_0120_ZX52KVK-1011_ADM3N.biom')	1.0
133	('ZX52KVK', 9, 'HMP2_J09140_1_ST_T0_B0_0120_ZX52KVK-1012_ADM3N.biom')	1.0
134	('ZX52KVK', 10, 'HMP2_J09141_1_ST_T0_B0_0120_ZX52KVK-1014_ADM3N.biom')	1.0
135	('ZVNCGHM', 7, 'HMP2_J09142_1_ST_T0_B0_0120_ZVNCGHM-02X_ADM3N.biom')	1.0
136	('ZVNCGHM', 1, 'HMP2_J09144_1_ST_T0_B0_0120_ZVNCGHM-1011-AL2_ADM3N.biom')	1.0
137	('ZVNCGHM', 2, 'HMP2_J09145_1_ST_T0_B0_0120_ZVNCGHM-1013_ADM3N.biom')	1.0
138	('ZVNCGHM', 3, 'HMP2_J09146_1_ST_T0_B0_0120_ZVNCGHM-1014_ADM3N.biom')	1.0
139	('ZVNCGHM', 5, 'HMP2_J09147_1_ST_T0_B0_0120_ZVNCGHM-1015_ADM3N.biom')	1.0
140	('ZVNCGHM', 4, 'HMP2_J09148_1_ST_T0_B0_0120_ZVNCGHM-1022_ADM3N.biom')	1.0
141	('ZLZNCLZ', 9, 'HMP2_J09149_1_ST_T0_B0_0120_ZLZNCLZ-1021_ADM3N.biom')	1.0
142	('ZLZNCLZ', 10, 'HMP2_J09150_1_ST_T0_B0_0120_ZLZNCLZ-1023_ADM3N.biom')	1.0
143	('ZLZNCLZ', 11, 'HMP2_J09151_1_ST_T0_B0_0120_ZLZNCLZ-1025_ADM3N.biom')	1.0
144	('ZYHHR4Z', 1, 'HMP2_J09152_1_ST_T0_B0_0120_ZYHHR4Z-01_ADM3N.biom')	1.0
145	('ZYHHR4Z', 2, 'HMP2_J09153_1_ST_T0_B0_0120_ZYHHR4Z-02_ADM3N.biom')	1.0
146	('ZYHHR4Z', 5, 'HMP2_J09155_1_ST_T0_B0_0120_ZYHHR4Z-1024_ADM3N.biom')	1.0
147	('ZY7IW45', 1, 'HMP2_J15230_1_ST_T0_B0_0120_ZY7IW45-01_AELNK.biom')	1.0
148	('ZY7IW45', 2, 'HMP2_J15231_1_ST_T0_B0_0120_ZY7IW45-02_AELNK.biom')	1.0
149	('ZY7IW45', 4, 'HMP2_J15232_1_ST_T0_B0_0120_ZY7IW45-03_AELNK.biom')	1.0
150	('ZY7IW45', 10, 'HMP2_J15233_1_ST_T0_B0_0120_ZY7IW45-04_AELNK.biom')	1.0
151	('ZWCZHHY', 1, 'HMP2_J15234_1_ST_T0_B0_0120_ZWCZHHY-01_AELNK.biom')	1.0
152	('ZWCZHHY', 2, 'HMP2_J15235_1_ST_T0_B0_0120_ZWCZHHY-02_AELNK.biom')	1.0
153	('ZWCZHHY', 3, 'HMP2_J15236_1_ST_T0_B0_0120_ZWCZHHY-03_AELNK.biom')	1.0
154	('ZW61YGW', 1, 'HMP2_J15237_1_ST_T0_B0_0120_ZW61YGW-01_AELNK.biom')	1.0
155	('ZW61YGW', 2, 'HMP2_J15238_1_ST_T0_B0_0120_ZW61YGW-02_AELNK.biom')	1.0
156	('ZW61YGW', 3, 'HMP2_J15239_1_ST_T0_B0_0120_ZW61YGW-03_AELNK.biom')	1.0
157	('ZYXQKWY', 1, 'HMP2_J15240_1_ST_T0_B0_0120_ZYXQKWY-01_AELNK.biom')	1.0
158	('ZYXQKWY', 2, 'HMP2_J15241_1_ST_T0_B0_0120_ZYXQKWY-02_AELNK.biom')	1.0
159	('ZYXQKWY', 3, 'HMP2_J15242_1_ST_T0_B0_0120_ZYXQKWY-03_AELNK.biom')	1.0
160	('ZVM4N7A', 1, 'HMP2_J15243_1_ST_T0_B0_0120_ZVM4N7A-01_AELNK.biom')	1.0
161	('ZVM4N7A', 2, 'HMP2_J15244_1_ST_T0_B0_0120_ZVM4N7A-02_AELNK.biom')	1.0
162	('ZVGW5FI', 1, 'HMP2_J15245_1_ST_T0_B0_0120_ZVGW5FI-01_AELNK.biom')	1.0
163	('ZVGW5FI', 2, 'HMP2_J15246_1_ST_T0_B0_0120_ZVGW5FI-02_AELNK.biom')	1.0
164	('ZOZOW1T', 14, 'HMP2_J16506_1_ST_T0_B0_0120_ZOZOW1T-61_AF11U.biom')	1.0
165	('ZOZOW1T', 15, 'HMP2_J16507_1_ST_T0_B0_0120_ZOZOW1T-62_AF11U.biom')	1.0
166	('ZOZOW1T', 16, 'HMP2_J16508_1_ST_T0_B0_0120_ZOZOW1T-63_AF11U.biom')	1.0
167	('ZOZOW1T', 17, 'HMP2_J16509_1_ST_T0_B0_0120_ZOZOW1T-64_AF11U.biom')	1.0
168	('ZOZOW1T', 18, 'HMP2_J16510_1_ST_T0_B0_0120_ZOZOW1T-65_AF11U.biom')	1.0
169	('ZOZOW1T', 19, 'HMP2_J16511_1_ST_T0_B0_0120_ZOZOW1T-66_AF11U.biom')	1.0
170	('ZOZOW1T', 20, 'HMP2_J16512_1_ST_T0_B0_0120_ZOZOW1T-68_AF11U.biom')	1.0
171	('ZOZOW1T', 23, 'HMP2_J16513_1_ST_T0_B0_0120_ZOZOW1T-70_AF11U.biom')	1.0
172	('ZOZOW1T', 24, 'HMP2_J16514_1_ST_T0_B0_0120_ZOZOW1T-71_AF11U.biom')	1.0
173	('ZOZOW1T', 35, 'HMP2_J16515_1_ST_T0_B0_0120_ZOZOW1T-80_AF11U.biom')	1.0
174	('ZOZOW1T', 40, 'HMP2_J16516_1_ST_T0_B0_0120_ZOZOW1T-83_AF11U.biom')	1.0
175	('ZOZOW1T', 41, 'HMP2_J16517_1_ST_T0_B0_0120_ZOZOW1T-84_AF11U.biom')	1.0
176	('ZOZOW1T', 41, 'HMP2_J16518_1_ST_T0_B0_0120_ZOZOW1T-84b_AF11U.biom')	1.0
177	('ZOZOW1T', 50, 'HMP2_J16519_1_ST_T0_B0_0120_ZOZOW1T-1010_AF11U.biom')	1.0
178	('ZOZOW1T', 52, 'HMP2_J16520_1_ST_T0_B0_0120_ZOZOW1T-1011_AF11U.biom')	1.0
179	('ZOZOW1T', 53, 'HMP2_J16521_1_ST_T0_B0_0120_ZOZOW1T-1012_AF11U.biom')	0.0
180	('ZOZOW1T', 63, 'HMP2_J16522_1_ST_T0_B0_0120_ZOZOW1T-1015_AF11U.biom')	1.0
181	('ZOZOW1T', 65, 'HMP2_J16523_1_ST_T0_B0_0120_ZOZOW1T-6021_AF11U.biom')	1.0
182	('ZOZOW1T', 69, 'HMP2_J16524_1_ST_T0_B0_0120_ZOZOW1T-6022_AF11U.biom')	1.0
183	('ZOZOW1T', 73, 'HMP2_J16525_1_ST_T0_B0_0120_ZOZOW1T-6023_AF11U.biom')	1.0
184	('ZOZOW1T', 73, 'HMP2_J16526_1_ST_T0_B0_0120_ZOZOW1T-6023b_AF11U.biom')	1.0
185	('ZOZOW1T', 21, 'HMP2_J16527_1_ST_T0_B0_0120_ZOZOW1T-2001_AF11U.biom')	1.0
186	('ZOZOW1T', 22, 'HMP2_J16528_1_ST_T0_B0_0120_ZOZOW1T-2002_AF11U.biom')	1.0
187	('ZOZOW1T', 2, 'HMP2_J16529_1_ST_T0_B0_0120_ZOZOW1T-46_AF11U.biom')	1.0
188	('ZWCZHHY', 4, 'HMP2_J16530_1_ST_T0_B0_0120_ZWCZHHY-04_AF11U.biom')	1.0
189	('ZVGW5FI', 3, 'HMP2_J16531_1_ST_T0_B0_0120_ZVGW5FI-03_AF11U.biom')	1.0
190	('ZOBX723', 6, 'HMP2_J28556_1_ST_T0_B0_0120_ZOBX723-1021_B44V8.biom')	1.0
191	('ZOBX723', 9, 'HMP2_J28557_1_ST_T0_B0_0120_ZOBX723-1024_B44V8.biom')	1.0
192	('ZN9YTFN', 8, 'HMP2_J28564_1_ST_T0_B0_0120_ZN9YTFN-04_B44V8.biom')	1.0
193	('ZN3TBJM', 1, 'HMP2_J28565_1_ST_T0_B0_0120_ZN3TBJM-01_B44V8.biom')	1.0
194	('ZN3TBJM', 2, 'HMP2_J28566_1_ST_T0_B0_0120_ZN3TBJM-02_B44V8.biom')	1.0
195	('ZN3TBJM', 4, 'HMP2_J28567_1_ST_T0_B0_0120_ZN3TBJM-03_B44V8.biom')	1.0
196	('ZN3TBJM', 5, 'HMP2_J28568_1_ST_T0_B0_0120_ZN3TBJM-04_B44V8.biom')	1.0
197	('ZN3TBJM', 16, 'HMP2_J28569_1_ST_T0_B0_0120_ZN3TBJM-06_B44V8.biom')	1.0
198	('ZN3TBJM', 17, 'HMP2_J28570_1_ST_T0_B0_0120_ZN3TBJM-07_B44V8.biom')	1.0
199	('ZN3TBJM', 12, 'HMP2_J28571_1_ST_T0_B0_0120_ZN3TBJM-1012_B44V8.biom')	1.0
200	('ZN3TBJM', 13, 'HMP2_J28572_1_ST_T0_B0_0120_ZN3TBJM-1013_B44V8.biom')	1.0
201	('ZN3TBJM', 14, 'HMP2_J28573_1_ST_T0_B0_0120_ZN3TBJM-1014_B44V8.biom')	1.0
202	('ZN3TBJM', 15, 'HMP2_J28574_1_ST_T0_B0_0120_ZN3TBJM-1015_B44V8.biom')	1.0
203	('ZMBVNFM', 12, 'HMP2_J28581_1_ST_T0_B0_0120_ZMBVNFM-1012_B44V8.biom')	1.0
204	('ZMBVNFM', 13, 'HMP2_J28582_1_ST_T0_B0_0120_ZMBVNFM-1013_B44V8.biom')	1.0
205	('ZMBVNFM', 14, 'HMP2_J28583_1_ST_T0_B0_0120_ZMBVNFM-1014_B44V8.biom')	1.0
206	('ZLZQMEV', 5, 'HMP2_J28591_1_ST_T0_B0_0120_ZLZQMEV-1014-AL1_AL5DH.biom')	1.0
207	('ZVNCGHM', 4, 'HMP2_J28592_1_ST_T0_B0_0120_ZVNCGHM-1022-AL1_AL5DH.biom')	1.0
208	('ZL9BTWF', 11, 'HMP2_J28593_1_ST_T0_B0_0120_ZL9BTWF-1023-AL1_AL5DH.biom')	1.0
209	('ZM8YXDM', 1, 'HMP2_J28595_1_ST_T0_B0_0120_ZM8YXDM-01-AL1_AL5DH.biom')	1.0
210	('ZL9BTWF', 8, 'HMP2_J28596_1_ST_T0_B0_0120_ZL9BTWF-07_AL5DH.biom')	1.0
211	('ZVGW5FI', 2, 'HMP2_J28597_1_ST_T0_B0_0120_ZVGW5FI-02-AL1_AL5DH.biom')	1.0
212	('ZVM4N7A', 1, 'HMP2_J28598_1_ST_T0_B0_0120_ZVM4N7A-01-AL1_AL5DH.biom')	1.0
213	('ZYXQKWY', 3, 'HMP2_J28599_1_ST_T0_B0_0120_ZYXQKWY-03-AL1_AL5DH.biom')	1.0
214	('ZOZOW1T', 18, 'HMP2_J28600_1_ST_T0_B0_0120_ZOZOW1T-65-AL1_AL5DH.biom')	1.0
215	('ZOZOW1T', 20, 'HMP2_J28601_1_ST_T0_B0_0120_ZOZOW1T-68-AL1_AL5DH.biom')	1.0
216	('ZOZOW1T', 14, 'HMP2_J28602_1_ST_T0_B0_0120_ZOZOW1T-61-AL1_AL5DH.biom')	1.0
217	('ZN3TBJM', 6, 'HMP2_J28603_1_ST_T0_B0_0120_ZN3TBJM-2011_AWBGH.biom')	1.0
218	('ZN3TBJM', 7, 'HMP2_J28604_1_ST_T0_B0_0120_ZN3TBJM-2012_AWBGH.biom')	1.0
219	('ZN3TBJM', 8, 'HMP2_J28605_1_ST_T0_B0_0120_ZN3TBJM-2013_AWBGH.biom')	1.0
220	('ZN3TBJM', 9, 'HMP2_J28606_1_ST_T0_B0_0120_ZN3TBJM-2014_AWBGH.biom')	1.0
221	('ZN3TBJM', 19, 'HMP2_J28607_1_ST_T0_B0_0120_ZN3TBJM-2022_AWBGH.biom')	1.0
222	('ZN3TBJM', 20, 'HMP2_J28608_1_ST_T0_B0_0120_ZN3TBJM-2023_AWBGH.biom')	1.0
223	('ZN3TBJM', 23, 'HMP2_J28609_1_ST_T0_B0_0120_ZN3TBJM-2032_AWBGH.biom')	1.0
224	('ZN0JE53', 5, 'HMP2_J28610_1_ST_T0_B0_0120_ZN0JE53-2011_AWBGH.biom')	1.0
225	('ZN0JE53', 6, 'HMP2_J28611_1_ST_T0_B0_0120_ZN0JE53-2012_AWBGH.biom')	1.0
226	('ZN0JE53', 7, 'HMP2_J28612_1_ST_T0_B0_0120_ZN0JE53-2013_AWBGH.biom')	1.0
227	('ZN0JE53', 8, 'HMP2_J28613_1_ST_T0_B0_0120_ZN0JE53-2014_AWBGH.biom')	1.0
228	('ZN0JE53', 12, 'HMP2_J28614_1_ST_T0_B0_0120_ZN0JE53-2025_AWBGH.biom')	1.0
229	('ZN0JE53', 9, 'HMP2_J28615_1_ST_T0_B0_0120_ZN0JE53-2022_AWBGH.biom')	1.0
230	('ZN0JE53', 10, 'HMP2_J28616_1_ST_T0_B0_0120_ZN0JE53-2023_AWBGH.biom')	1.0
231	('ZMBVNFM', 8, 'HMP2_J28617_1_ST_T0_B0_0120_ZMBVNFM-2012_AWBGH.biom')	1.0
232	('ZMBVNFM', 9, 'HMP2_J28618_1_ST_T0_B0_0120_ZMBVNFM-2013_AWBGH.biom')	1.0
233	('ZMBVNFM', 11, 'HMP2_J28619_1_ST_T0_B0_0120_ZMBVNFM-2015_AWBGH.biom')	1.0
234	('ZJTKAE3', 6, 'HMP2_J28620_1_ST_T0_B0_0120_ZJTKAE3-2012_AWBGH.biom')	1.0
235	('ZJTKAE3', 9, 'HMP2_J28621_1_ST_T0_B0_0120_ZJTKAE3-2015_AWBGH.biom')	1.0
236	('ZNED4XZ', 11, 'HMP2_J28622_1_ST_T0_B0_0120_ZNED4XZ-2011_AVTWA.biom')	1.0
237	('ZNED4XZ', 12, 'HMP2_J28623_1_ST_T0_B0_0120_ZNED4XZ-2012_AVTWA.biom')	1.0
238	('ZN3TBJM', 21, 'HMP2_J28624_1_ST_T0_B0_0120_ZN3TBJM-2024-AL1_AVTWA.biom')	1.0
239	('ZN3TBJM', 22, 'HMP2_J28625_1_ST_T0_B0_0120_ZN3TBJM-2025_AVTWA.biom')	1.0
240	('ZLZNCLZ', 12, 'HMP2_J28630_1_ST_T0_B0_0120_ZLZNCLZ-2011_AVTWA.biom')	1.0
241	('ZLZNCLZ', 13, 'HMP2_J28631_1_ST_T0_B0_0120_ZLZNCLZ-2012_AVTWA.biom')	1.0
242	('ZLZNCLZ', 14, 'HMP2_J28632_1_ST_T0_B0_0120_ZLZNCLZ-2013_AVTWA.biom')	1.0
243	('ZLZNCLZ', 15, 'HMP2_J28633_1_ST_T0_B0_0120_ZLZNCLZ-2014_AVTWA.biom')	1.0
244	('ZLZNCLZ', 16, 'HMP2_J28634_1_ST_T0_B0_0120_ZLZNCLZ-2015_AVTWA.biom')	1.0
245	('ZYU89T9', 4, 'HMP2_J28636_1_ST_T0_B0_0120_ZYU89T9-2013_AVTWA.biom')	1.0
246	('ZYU89T9', 5, 'HMP2_J28637_1_ST_T0_B0_0120_ZYU89T9-2014_AVTWA.biom')	1.0
247	('ZYU89T9', 6, 'HMP2_J28638_1_ST_T0_B0_0120_ZYU89T9-2015_AVTWA.biom')	1.0
248	('ZYHHR4Z', 6, 'HMP2_J28639_1_ST_T0_B0_0120_ZYHHR4Z-2011-AL1_AVTWA.biom')	1.0
249	('ZYHHR4Z', 7, 'HMP2_J28640_1_ST_T0_B0_0120_ZYHHR4Z-2012_AVTWA.biom')	1.0
250	('ZYHHR4Z', 8, 'HMP2_J28641_1_ST_T0_B0_0120_ZYHHR4Z-2013_AVTWA.biom')	1.0
251	('ZYHHR4Z', 14, 'HMP2_J28643_1_ST_T0_B0_0120_ZYHHR4Z-2021-AL1_AVTWA.biom')	1.0
252	('ZYHHR4Z', 16, 'HMP2_J28644_1_ST_T0_B0_0120_ZYHHR4Z-2023_AVTWA.biom')	1.0
253	('ZYHHR4Z', 17, 'HMP2_J28645_1_ST_T0_B0_0120_ZYHHR4Z-2024_AVTWA.biom')	1.0
254	('ZY7IW45', 5, 'HMP2_J28646_1_ST_T0_B0_0120_ZY7IW45-2011_AVTWA.biom')	1.0
255	('ZY7IW45', 6, 'HMP2_J28647_1_ST_T0_B0_0120_ZY7IW45-2012_AVTWA.biom')	1.0
256	('ZY7IW45', 7, 'HMP2_J28648_1_ST_T0_B0_0120_ZY7IW45-2013_AVTWA.biom')	1.0
257	('ZY7IW45', 9, 'HMP2_J28649_1_ST_T0_B0_0120_ZY7IW45-2015_AVTWA.biom')	1.0
258	('ZX52KVK', 11, 'HMP2_J28654_1_ST_T0_B0_0120_ZX52KVK-2011_AVTWA.biom')	1.0
259	('ZX52KVK', 12, 'HMP2_J28655_1_ST_T0_B0_0120_ZX52KVK-2012_AVTWA.biom')	1.0
260	('ZX52KVK', 13, 'HMP2_J28656_1_ST_T0_B0_0120_ZX52KVK-2013_AVTWA.biom')	1.0
261	('ZX52KVK', 14, 'HMP2_J28657_1_ST_T0_B0_0120_ZX52KVK-2014_AVTWA.biom')	1.0
262	('ZX52KVK', 15, 'HMP2_J28658_1_ST_T0_B0_0120_ZX52KVK-2015_AVTWA.biom')	1.0
263	('ZX52KVK', 30, 'HMP2_J28659_1_ST_T0_B0_0120_ZX52KVK-2022-AL1_AVTWA.biom')	1.0
264	('ZX52KVK', 31, 'HMP2_J28660_1_ST_T0_B0_0120_ZX52KVK-2023_AVTWA.biom')	1.0
265	('ZLTUJTN', 9, 'HMP2_J28661_1_ST_T0_B0_0120_ZLTUJTN-2014_AVTWA.biom')	1.0
266	('ZLTUJTN', 10, 'HMP2_J28662_1_ST_T0_B0_0120_ZLTUJTN-2015_AVTWA.biom')	1.0
267	('ZL63I8R', 7, 'HMP2_J28663_1_ST_T0_B0_0120_ZL63I8R-2012_AVTWA.biom')	1.0
268	('ZL63I8R', 8, 'HMP2_J28664_1_ST_T0_B0_0120_ZL63I8R-2013_AVTWA.biom')	1.0
269	('ZL63I8R', 9, 'HMP2_J28665_1_ST_T0_B0_0120_ZL63I8R-2014_AVTWA.biom')	1.0
270	('ZL63I8R', 10, 'HMP2_J28666_1_ST_T0_B0_0120_ZL63I8R-2015_AVTWA.biom')	1.0
271	('ZKVR426', 13, 'HMP2_J28667_1_ST_T0_B0_0120_ZKVR426-2012_AVTWA.biom')	1.0
272	('ZKVR426', 14, 'HMP2_J28668_1_ST_T0_B0_0120_ZKVR426-2013_AVTWA.biom')	1.0
273	('ZKVR426', 15, 'HMP2_J28669_1_ST_T0_B0_0120_ZKVR426-2014_AVTWA.biom')	1.0
274	('ZKVR426', 16, 'HMP2_J28670_1_ST_T0_B0_0120_ZKVR426-2015_AVTWA.biom')	1.0
275	('ZMGT937', 9, 'HMP2_J43802_1_ST_T0_B0_0120_ZMGT937-06_ANBEN.biom')	1.0
276	('ZLZNCLZ', 17, 'HMP2_J43804_1_ST_T0_B0_0120_ZLZNCLZ-06_ANBEN.biom')	1.0
277	('ZLZNCLZ', 23, 'HMP2_J43805_1_ST_T0_B0_0120_ZLZNCLZ-08_ANBEN.biom')	1.0
278	('ZLZNCLZ', 24, 'HMP2_J43806_1_ST_T0_B0_0120_ZLZNCLZ-10_ANBEN.biom')	1.0
279	('ZLZNCLZ', 18, 'HMP2_J43807_1_ST_T0_B0_0120_ZLZNCLZ-1032_ANBEN.biom')	1.0
280	('ZLZNCLZ', 20, 'HMP2_J43808_1_ST_T0_B0_0120_ZLZNCLZ-1033_ANBEN.biom')	1.0
281	('ZLZNCLZ', 21, 'HMP2_J43809_1_ST_T0_B0_0120_ZLZNCLZ-1035_ANBEN.biom')	1.0
282	('ZLZNCLZ', 22, 'HMP2_J43810_1_ST_T0_B0_0120_ZLZNCLZ-1036_ANBEN.biom')	1.0
283	('ZYLJ7R7', 1, 'HMP2_J43812_1_ST_T0_B0_0120_ZYLJ7R7-01_ANBEN.biom')	1.0
284	('ZYLJ7R7', 2, 'HMP2_J43813_1_ST_T0_B0_0120_ZYLJ7R7-02_ANBEN.biom')	1.0
285	('ZYLJ7R7', 7, 'HMP2_J43814_1_ST_T0_B0_0120_ZYLJ7R7-03_ANBEN.biom')	1.0
286	('ZYLJ7R7', 10, 'HMP2_J43815_1_ST_T0_B0_0120_ZYLJ7R7-06_ANBEN.biom')	1.0
287	('ZYLJ7R7', 9, 'HMP2_J43816_1_ST_T0_B0_0120_ZYLJ7R7-1014_ANBEN.biom')	1.0
288	('ZYLJ7R7', 4, 'HMP2_J43817_1_ST_T0_B0_0120_ZYLJ7R7-4012_ANBEN.biom')	1.0
289	('ZYLJ7R7', 5, 'HMP2_J43818_1_ST_T0_B0_0120_ZYLJ7R7-4013_ANBEN.biom')	1.0
290	('ZYHHR4Z', 11, 'HMP2_J43819_1_ST_T0_B0_0120_ZYHHR4Z-05_ANBEN.biom')	1.0
291	('ZYHHR4Z', 12, 'HMP2_J43820_1_ST_T0_B0_0120_ZYHHR4Z-06_ANBEN.biom')	1.0
292	('ZX52KVK', 16, 'HMP2_J43821_1_ST_T0_B0_0120_ZX52KVK-04_ANBEN.biom')	1.0
293	('ZX52KVK', 22, 'HMP2_J43822_1_ST_T0_B0_0120_ZX52KVK-1034_ANBEN.biom')	1.0
294	('ZX52KVK', 17, 'HMP2_J43823_1_ST_T0_B0_0120_ZX52KVK-1021_ANBEN.biom')	1.0
295	('ZX52KVK', 18, 'HMP2_J43824_1_ST_T0_B0_0120_ZX52KVK-1022_ANBEN.biom')	1.0
296	('ZX52KVK', 19, 'HMP2_J43825_1_ST_T0_B0_0120_ZX52KVK-1032_ANBEN.biom')	1.0
297	('ZX52KVK', 20, 'HMP2_J43826_1_ST_T0_B0_0120_ZX52KVK-1033_ANBEN.biom')	1.0
298	('ZVBQY1N', 1, 'HMP2_J43827_1_ST_T0_B0_0120_ZVBQY1N-01_ANBEN.biom')	1.0
299	('ZVBQY1N', 4, 'HMP2_J43828_1_ST_T0_B0_0120_ZVBQY1N-1014_ANBEN.biom')	1.0
300	('ZVBQY1N', 5, 'HMP2_J43829_1_ST_T0_B0_0120_ZVBQY1N-1015_ANBEN.biom')	1.0
301	('ZVBQY1N', 8, 'HMP2_J43830_1_ST_T0_B0_0120_ZVBQY1N-1021_ANBEN.biom')	1.0
302	('ZVBQY1N', 9, 'HMP2_J43831_1_ST_T0_B0_0120_ZVBQY1N-1022_ANBEN.biom')	1.0
303	('ZVBQY1N', 11, 'HMP2_J43833_1_ST_T0_B0_0120_ZVBQY1N-1024_ANBEN.biom')	1.0
304	('ZVBQY1N', 12, 'HMP2_J43834_1_ST_T0_B0_0120_ZVBQY1N-1025_ANBEN.biom')	1.0
305	('ZVBQY1N', 13, 'HMP2_J43835_1_ST_T0_B0_0120_ZVBQY1N-6011_ANBEN.biom')	1.0
306	('ZVBQY1N', 14, 'HMP2_J43836_1_ST_T0_B0_0120_ZVBQY1N-6012_ANBEN.biom')	1.0
307	('ZVBQY1N', 15, 'HMP2_J43837_1_ST_T0_B0_0120_ZVBQY1N-6013_ANBEN.biom')	1.0
308	('ZVBQY1N', 16, 'HMP2_J43838_1_ST_T0_B0_0120_ZVBQY1N-6014_ANBEN.biom')	1.0
309	('ZVBQY1N', 17, 'HMP2_J43839_1_ST_T0_B0_0120_ZVBQY1N-6015_ANBEN.biom')	1.0
310	('ZVBQY1N', 18, 'HMP2_J43840_1_ST_T0_B0_0120_ZVBQY1N-6016_ANBEN.biom')	1.0
311	('ZTLUDS8', 4, 'HMP2_J43841_1_ST_T0_B0_0120_ZTLUDS8-1014_ANBEN.biom')	1.0
312	('ZTLUDS8', 5, 'HMP2_J43842_1_ST_T0_B0_0120_ZTLUDS8-1015_ANBEN.biom')	1.0
313	('ZNED4XZ', 13, 'HMP2_J45078_1_ST_T0_B0_0120_ZNED4XZ-08_APAJ2.biom')	1.0
314	('ZN3TBJM', 27, 'HMP2_J45079_1_ST_T0_B0_0120_ZN3TBJM-2035_APAJ2.biom')	1.0
315	('ZMGT937', 12, 'HMP2_J45082_1_ST_T0_B0_0120_ZMGT937-09_APAJ2.biom')	1.0
316	('ZLZNCLZ', 25, 'HMP2_J45083_1_ST_T0_B0_0120_ZLZNCLZ-11_APAJ2.biom')	1.0
317	('ZYU89T9', 10, 'HMP2_J45085_1_ST_T0_B0_0120_ZYU89T9-07_APAJ2.biom')	1.0
318	('ZYHHR4Z', 19, 'HMP2_J45086_1_ST_T0_B0_0120_ZYHHR4Z-08_APAJ2.biom')	1.0
319	('ZY7IW45', 13, 'HMP2_J45087_1_ST_T0_B0_0120_ZY7IW45-07_APAJ2.biom')	1.0
320	('ZX52KVK', 32, 'HMP2_J45088_1_ST_T0_B0_0120_ZX52KVK-2025_APAJ2.biom')	1.0
321	('ZX52KVK', 34, 'HMP2_J45089_1_ST_T0_B0_0120_ZX52KVK-07_APAJ2.biom')	1.0
322	('ZWCZHHY', 7, 'HMP2_J45092_1_ST_T0_B0_0120_ZWCZHHY-07_APAJ2.biom')	1.0
323	('ZW61YGW', 6, 'HMP2_J45093_1_ST_T0_B0_0120_ZW61YGW-06_APAJ2.biom')	1.0
324	('ZYXQKWY', 6, 'HMP2_J45094_1_ST_T0_B0_0120_ZYXQKWY-06_APAJ2.biom')	1.0
325	('ZV14SIB', 5, 'HMP2_J45097_1_ST_T0_B0_0120_ZV14SIB-05_APAJ2.biom')	1.0
326	('ZUPAQVU', 6, 'HMP2_J45098_1_ST_T0_B0_0120_ZUPAQVU-04_APAJ2.biom')	1.0
327	('ZUPAQVU', 9, 'HMP2_J45099_1_ST_T0_B0_0120_ZUPAQVU-07_APAJ2.biom')	1.0
328	('ZUL3S6O', 20, 'HMP2_J45100_1_ST_T0_B0_0120_ZUL3S6O-2012_APAJ2.biom')	1.0
329	('ZUL3S6O', 21, 'HMP2_J45101_1_ST_T0_B0_0120_ZUL3S6O-2013_APAJ2.biom')	1.0
330	('ZUL3S6O', 22, 'HMP2_J45102_1_ST_T0_B0_0120_ZUL3S6O-2014_APAJ2.biom')	1.0
331	('ZUF48YS', 3, 'HMP2_J45105_1_ST_T0_B0_0120_ZUF48YS-03_APAJ2.biom')	1.0
332	('ZTMFN3O', 6, 'HMP2_J45107_1_ST_T0_B0_0120_ZTMFN3O-04_APAJ2.biom')	1.0
333	('ZTLUDS8', 8, 'HMP2_J45108_1_ST_T0_B0_0120_ZTLUDS8-03_APAJ2.biom')	1.0
334	('ZSUQ08V', 4, 'HMP2_J45112_1_ST_T0_B0_0120_ZSUQ08V-04_APAJ2.biom')	1.0
335	('ZSQNUZ5', 2, 'HMP2_J45113_1_ST_T0_B0_0120_ZSQNUZ5-02_APAJ2.biom')	1.0
336	('ZS78KHV', 7, 'HMP2_J45114_1_ST_T0_B0_0120_ZS78KHV-6016_APAJ2.biom')	1.0
337	('ZRLZ98T', 9, 'HMP2_J45115_1_ST_T0_B0_0120_ZRLZ98T-6022_APAJ2.biom')	1.0
338	('ZRB0F6P', 4, 'HMP2_J45116_1_ST_T0_B0_0120_ZRB0F6P-6013_APAJ2.biom')	1.0
339	('ZRB0F6P', 5, 'HMP2_J45117_1_ST_T0_B0_0120_ZRB0F6P-6014_APAJ2.biom')	1.0
340	('ZRB0F6P', 7, 'HMP2_J45119_1_ST_T0_B0_0120_ZRB0F6P-6016_APAJ2.biom')	1.0
341	('ZRB0F6P', 7, 'HMP2_J45119_1_ST_T0_B0_0120_ZRB0F6P-6016_B86HB.biom')	1.0
342	('ZR3WH7V', 2, 'HMP2_J45120_1_ST_T0_B0_0120_ZR3WH7V-6011_APAJ2.biom')	1.0
343	('ZR3WH7V', 8, 'HMP2_J45121_1_ST_T0_B0_0120_ZR3WH7V-6016_APAJ2.biom')	1.0
344	('ZQNZSQF', 2, 'HMP2_J45122_1_ST_T0_B0_0120_ZQNZSQF-02_APAJ2.biom')	1.0
345	('ZQMVU4Q', 2, 'HMP2_J45123_1_ST_T0_B0_0120_ZQMVU4Q-03_APAJ2.biom')	1.0
346	('ZQFL1P3', 2, 'HMP2_J45124_1_ST_T0_B0_0120_ZQFL1P3-6011_APAJ2.biom')	1.0
347	('ZQFL1P3', 3, 'HMP2_J45125_1_ST_T0_B0_0120_ZQFL1P3-6012_APAJ2.biom')	1.0
348	('ZQFL1P3', 4, 'HMP2_J45126_1_ST_T0_B0_0120_ZQFL1P3-6013_APAJ2.biom')	1.0
349	('ZQFL1P3', 5, 'HMP2_J45127_1_ST_T0_B0_0120_ZQFL1P3-6014_APAJ2.biom')	1.0
350	('ZPXU188', 1, 'HMP2_J45128_1_ST_T0_B0_0120_ZPXU188-01_APAJ2.biom')	1.0
351	('ZPMBHPS', 1, 'HMP2_J45129_1_ST_T0_B0_0120_ZPMBHPS-01_APAJ2.biom')	1.0
352	('ZLTUJTN', 14, 'HMP2_J45130_1_ST_T0_B0_0120_ZLTUJTN-2021_APAJ2.biom')	1.0
353	('ZLTUJTN', 15, 'HMP2_J45131_1_ST_T0_B0_0120_ZLTUJTN-2022_APAJ2.biom')	1.0
354	('ZLTUJTN', 17, 'HMP2_J45132_1_ST_T0_B0_0120_ZLTUJTN-2024_APAJ2.biom')	1.0
355	('ZLTUJTN', 18, 'HMP2_J45133_1_ST_T0_B0_0120_ZLTUJTN-2025_APAJ2.biom')	1.0
356	('ZLPZS0H', 9, 'HMP2_J45134_1_ST_T0_B0_0120_ZLPZS0H-2012_APAJ2.biom')	1.0
357	('ZLPZS0H', 11, 'HMP2_J45135_1_ST_T0_B0_0120_ZLPZS0H-2014_APAJ2.biom')	1.0
358	('ZLGD9M0', 10, 'HMP2_J45136_1_ST_T0_B0_0120_ZLGD9M0-13_APAJ2.biom')	1.0
359	('ZLGD9M0', 10, 'HMP2_J45136_1_ST_T0_B0_0120_ZLGD9M0-13_B86HB.biom')	1.0
360	('ZL63I8R', 14, 'HMP2_J45137_1_ST_T0_B0_0120_ZL63I8R-13_APAJ2.biom')	1.0
361	('ZKVR426', 19, 'HMP2_J45138_1_ST_T0_B0_0120_ZKVR426-11_APAJ2.biom')	1.0
362	('ZKVR426', 20, 'HMP2_J45139_1_ST_T0_B0_0120_ZKVR426-2021_APAJ2.biom')	1.0
363	('ZKFV71L', 8, 'HMP2_J45140_1_ST_T0_B0_0120_ZKFV71L-09_APAJ2.biom')	1.0
364	('ZKFV71L', 10, 'HMP2_J45141_1_ST_T0_B0_0120_ZKFV71L-2012_APAJ2.biom')	1.0
365	('ZJTKAE3', 26, 'HMP2_J45143_1_ST_T0_B0_0120_ZJTKAE3-6034_APAJ2.biom')	1.0
366	('ZJTKAE3', 28, 'HMP2_J45144_1_ST_T0_B0_0120_ZJTKAE3-6036_APAJ2.biom')	1.0
367	('ZOZOW1T', 82, 'HMP2_J45145_1_ST_T0_B0_0120_ZOZOW1T-6027-2_APATM.biom')	1.0
368	('ZOZOW1T', 124, 'HMP2_J45146_1_ST_T0_B0_0120_ZOZOW1T-4024_APATM.biom')	1.0
369	('ZOZOW1T', 126, 'HMP2_J45147_1_ST_T0_B0_0120_ZOZOW1T-4024-2_APATM.biom')	1.0
370	('ZOZOW1T', 126, 'HMP2_J45147_1_ST_T0_B0_0120_ZOZOW1T-4024.2_B86HB.biom')	1.0
371	('ZOZOW1T', 127, 'HMP2_J45148_1_ST_T0_B0_0120_ZOZOW1T-4025_APATM.biom')	1.0
372	('ZOZOW1T', 131, 'HMP2_J45149_1_ST_T0_B0_0120_ZOZOW1T-4025-4_APATM.biom')	1.0
373	('ZOZOW1T', 136, 'HMP2_J45151_1_ST_T0_B0_0120_ZOZOW1T-4026-2_APATM.biom')	1.0
374	('ZOZOW1T', 137, 'HMP2_J45152_1_ST_T0_B0_0120_ZOZOW1T-4026-3_APATM.biom')	1.0
375	('ZOZOW1T', 999, 'HMP2_J45153_1_ST_T0_B0_0120_ZOZOW1T-E11-2_APATM.biom')	1.0
376	('ZOZOW1T', 999, 'HMP2_J45154_1_ST_T0_B0_0120_ZOZOW1T-E11-3_APATM.biom')	1.0
377	('ZOZOW1T', 140, 'HMP2_J45155_1_ST_T0_B0_0120_ZOZOW1T-6041A_APATM.biom')	1.0
378	('ZOZOW1T', 140, 'HMP2_J45156_1_ST_T0_B0_0120_ZOZOW1T-6041B_APATM.biom')	1.0
379	('ZOZOW1T', 150, 'HMP2_J45157_1_ST_T0_B0_0120_ZOZOW1T-6042-3_APATM.biom')	1.0
380	('ZOZOW1T', 152, 'HMP2_J45158_1_ST_T0_B0_0120_ZOZOW1T-6043-1_APATM.biom')	1.0
381	('ZOZOW1T', 153, 'HMP2_J45159_1_ST_T0_B0_0120_ZOZOW1T-6043-2_APATM.biom')	1.0
382	('ZOZOW1T', 156, 'HMP2_J45160_1_ST_T0_B0_0120_ZOZOW1T-6045-1_APATM.biom')	1.0
383	('ZOZOW1T', 157, 'HMP2_J45161_1_ST_T0_B0_0120_ZOZOW1T-6045-2_APATM.biom')	1.0
384	('ZOZOW1T', 159, 'HMP2_J45162_1_ST_T0_B0_0120_ZOZOW1T-6046-1_APATM.biom')	1.0
385	('ZOZOW1T', 160, 'HMP2_J45163_1_ST_T0_B0_0120_ZOZOW1T-6046-2_APATM.biom')	1.0
386	('ZOZOW1T', 162, 'HMP2_J45164_1_ST_T0_B0_0120_ZOZOW1T-6047_APATM.biom')	1.0
387	('ZOZOW1T', 163, 'HMP2_J45165_1_ST_T0_B0_0120_ZOZOW1T-6047-1_APATM.biom')	1.0
388	('ZOZOW1T', 165, 'HMP2_J45166_1_ST_T0_B0_0120_ZOZOW1T-6047-4_APATM.biom')	1.0
389	('ZOZOW1T', 171, 'HMP2_J45167_1_ST_T0_B0_0120_ZOZOW1T-7012-1_APATM.biom')	1.0
390	('ZOZOW1T', 178, 'HMP2_J45168_1_ST_T0_B0_0120_ZOZOW1T-7015-2_APATM.biom')	1.0
391	('ZOZOW1T', 181, 'HMP2_J45169_1_ST_T0_B0_0120_ZOZOW1T-7016-2_APATM.biom')	1.0
392	('ZOZOW1T', 184, 'HMP2_J45170_1_ST_T0_B0_0120_ZOZOW1T-7017-1_APATM.biom')	1.0
393	('ZOZOW1T', 187, 'HMP2_J45171_1_ST_T0_B0_0120_ZOZOW1T-7018-2_APATM.biom')	1.0
394	('ZOZOW1T', 190, 'HMP2_J45172_1_ST_T0_B0_0120_ZOZOW1T-7020-1_APATM.biom')	1.0
395	('ZOZOW1T', 195, 'HMP2_J45173_1_ST_T0_B0_0120_ZOZOW1T-7024-1_APATM.biom')	1.0
396	('ZOZOW1T', 199, 'HMP2_J45174_1_ST_T0_B0_0120_ZOZOW1T-7024-3_APATM.biom')	1.0
397	('ZOZOW1T', 117, 'HMP2_J45175_1_ST_T0_B0_0120_ZOZOW1T-1025_APATM.biom')	1.0
398	('ZOZOW1T', 138, 'HMP2_J45176_1_ST_T0_B0_0120_ZOZOW1T-4026-4_APATM.biom')	1.0
399	('ZOZOW1T', 143, 'HMP2_J45177_1_ST_T0_B0_0120_ZOZOW1T-6041-3_APATM.biom')	1.0
400	('ZOZOW1T', 144, 'HMP2_J45178_1_ST_T0_B0_0120_ZOZOW1T-6041-4_APATM.biom')	1.0
401	('ZOZOW1T', 161, 'HMP2_J45179_1_ST_T0_B0_0120_ZOZOW1T-6046-3_APATM.biom')	1.0
402	('ZOZOW1T', 169, 'HMP2_J45180_1_ST_T0_B0_0120_ZOZOW1T-7011-2_APATM.biom')	1.0
403	('ZOZOW1T', 177, 'HMP2_J45181_1_ST_T0_B0_0120_ZOZOW1T-7015-1_APATM.biom')	1.0
404	('ZOZOW1T', 182, 'HMP2_J45182_1_ST_T0_B0_0120_ZOZOW1T-7016-3_APATM.biom')	1.0
405	('ZOZOW1T', 186, 'HMP2_J45183_1_ST_T0_B0_0120_ZOZOW1T-7018-1_APATM.biom')	1.0
406	('ZOZOW1T', 188, 'HMP2_J45184_1_ST_T0_B0_0120_ZOZOW1T-7018-3_APATM.biom')	1.0
407	('ZOZOW1T', 193, 'HMP2_J45185_1_ST_T0_B0_0120_ZOZOW1T-7023-2_APATM.biom')	1.0
408	('ZOZOW1T', 198, 'HMP2_J45186_1_ST_T0_B0_0120_ZOZOW1T-7024-2_APATM.biom')	1.0
409	('ZOZOW1T', 146, 'HMP2_J45187_1_ST_T0_B0_0120_ZOZOW1T-6042_APAJ2.biom')	1.0
410	('ZOZOW1T', 151, 'HMP2_J45188_1_ST_T0_B0_0120_ZOZOW1T-6043_APAJ2.biom')	1.0
411	('ZOZOW1T', 154, 'HMP2_J45189_1_ST_T0_B0_0120_ZOZOW1T-6044_APAJ2.biom')	1.0
412	('ZOZOW1T', 155, 'HMP2_J45190_1_ST_T0_B0_0120_ZOZOW1T-6045_APAJ2.biom')	1.0
413	('ZOZOW1T', 158, 'HMP2_J45191_1_ST_T0_B0_0120_ZOZOW1T-6046_APAJ2.biom')	1.0
414	('ZOZOW1T', 166, 'HMP2_J45192_1_ST_T0_B0_0120_ZOZOW1T-7011_APAJ2.biom')	1.0
415	('ZOZOW1T', 170, 'HMP2_J45193_1_ST_T0_B0_0120_ZOZOW1T-7012A_APAJ2.biom')	1.0
416	('ZOZOW1T', 172, 'HMP2_J45194_1_ST_T0_B0_0120_ZOZOW1T-7013A_APAJ2.biom')	1.0
417	('ZOZOW1T', 174, 'HMP2_J45195_1_ST_T0_B0_0120_ZOZOW1T-7014_APAJ2.biom')	1.0
418	('ZOZOW1T', 176, 'HMP2_J45196_1_ST_T0_B0_0120_ZOZOW1T-7015_APAJ2.biom')	1.0
419	('ZOZOW1T', 179, 'HMP2_J45197_1_ST_T0_B0_0120_ZOZOW1T-7016_APAJ2.biom')	1.0
420	('ZOZOW1T', 183, 'HMP2_J45198_1_ST_T0_B0_0120_ZOZOW1T-7017_APAJ2.biom')	1.0
421	('ZOZOW1T', 185, 'HMP2_J45199_1_ST_T0_B0_0120_ZOZOW1T-7018_APAJ2.biom')	1.0
422	('ZOZOW1T', 189, 'HMP2_J45200_1_ST_T0_B0_0120_ZOZOW1T-7020_APAJ2.biom')	1.0
423	('ZOZOW1T', 68, 'HMP2_J45201_1_ST_T0_B0_0120_ZOZOW1T-6021-3_APATM.biom')	1.0
424	('ZOZOW1T', 85, 'HMP2_J45202_1_ST_T0_B0_0120_ZOZOW1T-86_APATM.biom')	1.0
425	('ZOZOW1T', 130, 'HMP2_J45203_1_ST_T0_B0_0120_ZOZOW1T-4025-3_APATM.biom')	1.0
426	('ZOZOW1T', 130, 'HMP2_J45203_1_ST_T0_B0_0120_ZOZOW1T-4025.3_B86HB.biom')	1.0
427	('ZOZOW1T', 132, 'HMP2_J45204_1_ST_T0_B0_0120_ZOZOW1T-4025-5_APATM.biom')	1.0
428	('ZOZOW1T', 135, 'HMP2_J45205_1_ST_T0_B0_0120_ZOZOW1T-4026-1_APATM.biom')	1.0
429	('ZOZOW1T', 139, 'HMP2_J45206_1_ST_T0_B0_0120_ZOZOW1T-4026-5_APATM.biom')	1.0
430	('ZOZOW1T', 139, 'HMP2_J45206_1_ST_T0_B0_0120_ZOZOW1T-4026.5_B86HB.biom')	1.0
431	('ZOZOW1T', 999, 'HMP2_J45207_1_ST_T0_B0_0120_ZOZOW1T-E11-1A_APATM.biom')	1.0
432	('ZOZOW1T', 141, 'HMP2_J45208_1_ST_T0_B0_0120_ZOZOW1T-6041-1_APATM.biom')	1.0
433	('ZOZOW1T', 142, 'HMP2_J45209_1_ST_T0_B0_0120_ZOZOW1T-6041-2_APATM.biom')	1.0
434	('ZOZOW1T', 145, 'HMP2_J45210_1_ST_T0_B0_0120_ZOZOW1T-6041-5_APATM.biom')	1.0
435	('ZOZOW1T', 147, 'HMP2_J45211_1_ST_T0_B0_0120_ZOZOW1T-6042-1_APATM.biom')	1.0
436	('ZOZOW1T', 148, 'HMP2_J45212_1_ST_T0_B0_0120_ZOZOW1T-6042-1-1_APATM.biom')	1.0
437	('ZOZOW1T', 149, 'HMP2_J45213_1_ST_T0_B0_0120_ZOZOW1T-6042-2_APATM.biom')	1.0
438	('ZOZOW1T', 164, 'HMP2_J45214_1_ST_T0_B0_0120_ZOZOW1T-6047-3_APATM.biom')	1.0
439	('ZOZOW1T', 167, 'HMP2_J45215_1_ST_T0_B0_0120_ZOZOW1T-7011-1_APATM.biom')	1.0
440	('ZOZOW1T', 167, 'HMP2_J45215_1_ST_T0_B0_0120_ZOZOW1T-7011.1_B86HB.biom')	1.0
441	('ZOZOW1T', 170, 'HMP2_J45216_1_ST_T0_B0_0120_ZOZOW1T-7012B_APATM.biom')	1.0
442	('ZOZOW1T', 172, 'HMP2_J45217_1_ST_T0_B0_0120_ZOZOW1T-7013B_APATM.biom')	1.0
443	('ZOZOW1T', 175, 'HMP2_J45218_1_ST_T0_B0_0120_ZOZOW1T-7014-1_APATM.biom')	1.0
444	('ZOZOW1T', 180, 'HMP2_J45219_1_ST_T0_B0_0120_ZOZOW1T-7016-1_APATM.biom')	1.0
445	('ZOZOW1T', 88, 'HMP2_J45220_1_ST_T0_B0_0120_ZOZOW1T-6031_APATM.biom')	1.0
446	('ZOZOW1T', 91, 'HMP2_J45221_1_ST_T0_B0_0120_ZOZOW1T-6032A_APATM.biom')	1.0
447	('ZOZOW1T', 93, 'HMP2_J45222_1_ST_T0_B0_0120_ZOZOW1T-6032-1_APATM.biom')	1.0
448	('ZOZOW1T', 97, 'HMP2_J45223_1_ST_T0_B0_0120_ZOZOW1T-6033-2A_APATM.biom')	1.0
449	('ZOZOW1T', 97, 'HMP2_J45224_1_ST_T0_B0_0120_ZOZOW1T-6033-2B_APATM.biom')	1.0
450	('ZOZOW1T', 98, 'HMP2_J45225_1_ST_T0_B0_0120_ZOZOW1T-6033-4_APATM.biom')	1.0
451	('ZOZOW1T', 99, 'HMP2_J45226_1_ST_T0_B0_0120_ZOZOW1T-6034A_APATM.biom')	1.0
452	('ZOZOW1T', 105, 'HMP2_J45227_1_ST_T0_B0_0120_ZOZOW1T-6037_APATM.biom')	1.0
453	('ZOZOW1T', 106, 'HMP2_J45228_1_ST_T0_B0_0120_ZOZOW1T-6037-1_APATM.biom')	1.0
454	('ZOZOW1T', 108, 'HMP2_J45229_1_ST_T0_B0_0120_ZOZOW1T-6037-3_APATM.biom')	1.0
455	('ZOZOW1T', 112, 'HMP2_J45230_1_ST_T0_B0_0120_ZOZOW1T-1021_APATM.biom')	1.0
456	('ZOZOW1T', 113, 'HMP2_J45231_1_ST_T0_B0_0120_ZOZOW1T-1022_APATM.biom')	1.0
457	('ZOZOW1T', 114, 'HMP2_J45232_1_ST_T0_B0_0120_ZOZOW1T-1022-1_APATM.biom')	1.0
458	('ZOZOW1T', 115, 'HMP2_J45233_1_ST_T0_B0_0120_ZOZOW1T-1023_APATM.biom')	1.0
459	('ZOZOW1T', 116, 'HMP2_J45234_1_ST_T0_B0_0120_ZOZOW1T-1024-1_APATM.biom')	1.0
460	('ZOZOW1T', 118, 'HMP2_J45235_1_ST_T0_B0_0120_ZOZOW1T-4021_APATM.biom')	1.0
461	('ZOZOW1T', 119, 'HMP2_J45236_1_ST_T0_B0_0120_ZOZOW1T-4021-1A_APATM.biom')	1.0
462	('ZOZOW1T', 119, 'HMP2_J45236_1_ST_T0_B0_0120_ZOZOW1T-4021.1A_B86HB.biom')	1.0
463	('ZOZOW1T', 119, 'HMP2_J45237_1_ST_T0_B0_0120_ZOZOW1T-4021-1B_APATM.biom')	1.0
464	('ZOZOW1T', 84, 'HMP2_J45238_1_ST_T0_B0_0120_ZOZOW1T-6027-4_APAJ2.biom')	1.0
465	('ZOZOW1T', 86, 'HMP2_J45239_1_ST_T0_B0_0120_ZOZOW1T-86-1_APAJ2.biom')	1.0
466	('ZOZOW1T', 92, 'HMP2_J45240_1_ST_T0_B0_0120_ZOZOW1T-6032B_APAJ2.biom')	1.0
467	('ZOZOW1T', 94, 'HMP2_J45241_1_ST_T0_B0_0120_ZOZOW1T-6032-2_APATM.biom')	1.0
468	('ZOZOW1T', 99, 'HMP2_J45242_1_ST_T0_B0_0120_ZOZOW1T-6034B_APAJ2.biom')	1.0
469	('ZOZOW1T', 101, 'HMP2_J45243_1_ST_T0_B0_0120_ZOZOW1T-6035-1_APAJ2.biom')	1.0
470	('ZOZOW1T', 102, 'HMP2_J45244_1_ST_T0_B0_0120_ZOZOW1T-6035-2_APAJ2.biom')	1.0
471	('ZOZOW1T', 104, 'HMP2_J45245_1_ST_T0_B0_0120_ZOZOW1T-6036-1_APAJ2.biom')	1.0
472	('ZOZOW1T', 107, 'HMP2_J45246_1_ST_T0_B0_0120_ZOZOW1T-6037-2_APATM.biom')	1.0
473	('ZOZOW1T', 109, 'HMP2_J45247_1_ST_T0_B0_0120_ZOZOW1T-6038_APAJ2.biom')	1.0
474	('ZOZOW1T', 110, 'HMP2_J45248_1_ST_T0_B0_0120_ZOZOW1T-6038-1_APAJ2.biom')	1.0
475	('ZOZOW1T', 121, 'HMP2_J45249_1_ST_T0_B0_0120_ZOZOW1T-4023_APAJ2.biom')	1.0
476	('ZOZOW1T', 122, 'HMP2_J45250_1_ST_T0_B0_0120_ZOZOW1T-4023-1_APAJ2.biom')	1.0
477	('ZOZOW1T', 123, 'HMP2_J45251_1_ST_T0_B0_0120_ZOZOW1T-4023-3_APAJ2.biom')	1.0
478	('ZOZOW1T', 125, 'HMP2_J45252_1_ST_T0_B0_0120_ZOZOW1T-4024-1_APAJ2.biom')	1.0
479	('ZOZOW1T', 128, 'HMP2_J45253_1_ST_T0_B0_0120_ZOZOW1T-4025-2_APAJ2.biom')	1.0
480	('ZOZOW1T', 66, 'HMP2_J45257_1_ST_T0_B0_0120_ZOZOW1T-6021-1_APAJ2.biom')	1.0
481	('ZOZOW1T', 67, 'HMP2_J45258_1_ST_T0_B0_0120_ZOZOW1T-6021-2_APAJ2.biom')	1.0
482	('ZOZOW1T', 70, 'HMP2_J45260_1_ST_T0_B0_0120_ZOZOW1T-6022-1_APATM.biom')	1.0
483	('ZOZOW1T', 71, 'HMP2_J45261_1_ST_T0_B0_0120_ZOZOW1T-6022-2_APATM.biom')	1.0
484	('ZOZOW1T', 72, 'HMP2_J45262_1_ST_T0_B0_0120_ZOZOW1T-695_APATM.biom')	1.0
485	('ZOZOW1T', 74, 'HMP2_J45264_1_ST_T0_B0_0120_ZOZOW1T-6023-1_APATM.biom')	1.0
486	('ZOZOW1T', 75, 'HMP2_J45265_1_ST_T0_B0_0120_ZOZOW1T-6023-2_APAJ2.biom')	1.0
487	('ZOZOW1T', 76, 'HMP2_J45266_1_ST_T0_B0_0120_ZOZOW1T-6024_APATM.biom')	1.0
488	('ZOZOW1T', 999, 'HMP2_J45267_1_ST_T0_B0_0120_ZOZOW1T-6024A_APAJ2.biom')	1.0
489	('ZOZOW1T', 999, 'HMP2_J45268_1_ST_T0_B0_0120_ZOZOW1T-6024B_APAJ2.biom')	1.0
490	('ZOZOW1T', 77, 'HMP2_J45269_1_ST_T0_B0_0120_ZOZOW1T-6025_APAJ2.biom')	1.0
491	('ZOZOW1T', 79, 'HMP2_J45270_1_ST_T0_B0_0120_ZOZOW1T-6026-2_APAJ2.biom')	1.0
492	('ZOZOW1T', 81, 'HMP2_J45271_1_ST_T0_B0_0120_ZOZOW1T-6027-1_APATM.biom')	1.0
493	('ZOZOW1T', 87, 'HMP2_J45272_1_ST_T0_B0_0120_ZOZOW1T-86-2_APAJ2.biom')	1.0
494	('ZOZOW1T', 89, 'HMP2_J45273_1_ST_T0_B0_0120_ZOZOW1T-6031-1_APATM.biom')	1.0
495	('ZOZOW1T', 95, 'HMP2_J45274_1_ST_T0_B0_0120_ZOZOW1T-6033_APATM.biom')	1.0
496	('ZOZOW1T', 96, 'HMP2_J45275_1_ST_T0_B0_0120_ZOZOW1T-6033-1_APATM.biom')	1.0
497	('ZN9YTFN', 28, 'HMP2_J45276_1_ST_T0_B0_0120_ZN9YTFN-09_APATM.biom')	1.0
498	('ZN3TBJM', 26, 'HMP2_J45277_1_ST_T0_B0_0120_ZN3TBJM-2034_APATM.biom')	1.0
499	('ZTL5S2Y', 4, 'HMP2_J45280_1_ST_T0_B0_0120_ZTL5S2Y-04_APATM.biom')	1.0
500	('ZRB0F6P', 8, 'HMP2_J45281_1_ST_T0_B0_0120_ZRB0F6P-6021_APATM.biom')	1.0
501	('ZRA5YD8', 7, 'HMP2_J45282_1_ST_T0_B0_0120_ZRA5YD8-1021_APATM.biom')	1.0
502	('ZR3WH7V', 11, 'HMP2_J45283_1_ST_T0_B0_0120_ZR3WH7V-6023_APATM.biom')	1.0
503	('ZR3WH7V', 12, 'HMP2_J45284_1_ST_T0_B0_0120_ZR3WH7V-6024_APATM.biom')	1.0
504	('ZR3WH7V', 13, 'HMP2_J45285_1_ST_T0_B0_0120_ZR3WH7V-6025_APATM.biom')	1.0
505	('ZQMVU4Q', 1, 'HMP2_J45286_1_ST_T0_B0_0120_ZQMVU4Q-01_APATM.biom')	1.0
506	('ZOZOW1T', 78, 'HMP2_J45287_1_ST_T0_B0_0120_ZOZOW1T-6025-1_APATM.biom')	1.0
507	('ZOZOW1T', 83, 'HMP2_J45288_1_ST_T0_B0_0120_ZOZOW1T-6027-3_APATM.biom')	1.0
508	('ZVNCGHM', 14, 'HMP2_J45307_1_ST_T0_B0_0120_ZVNCGHM-6022_APB4D.biom')	1.0
509	('ZLPZS0H', 1, 'HMP2_J45309_1_ST_T0_B0_0120_ZLPZS0H-05_APB4D.biom')	1.0
510	('ZL63I8R', 6, 'HMP2_J45310_1_ST_T0_B0_0120_ZL63I8R-09_APB4D.biom')	1.0
511	('ZNED4XZ', 10, 'HMP2_J45313_1_ST_T0_B0_0120_ZNED4XZ-4015_APB4D.biom')	1.0
512	('ZNED4XZ', 2, 'HMP2_J45315_1_ST_T0_B0_0120_ZNED4XZ-02_APB4D.biom')	1.0
513	('ZX52KVK', 3, 'HMP2_J45317_1_ST_T0_B0_0120_ZX52KVK-4011_APB4D.biom')	1.0
514	('ZY9XQJP', 1, 'HMP2_J45318_1_ST_T0_B0_0120_ZY9XQJP-01_APB4D.biom')	1.0
515	('ZX52KVK', 4, 'HMP2_J45319_1_ST_T0_B0_0120_ZX52KVK-4012_APB4D.biom')	1.0
516	('ZM8YXDM', 2, 'HMP2_J45326_1_ST_T0_B0_0120_ZM8YXDM-02_APB4D.biom')	1.0
517	('ZNED4XZ', 8, 'HMP2_J45327_1_ST_T0_B0_0120_ZNED4XZ-4013_APB4D.biom')	1.0
518	('ZNED4XZ', 1, 'HMP2_J45328_1_ST_T0_B0_0120_ZNED4XZ-01_APB4D.biom')	1.0
519	('ZLPZS0H', 2, 'HMP2_J45329_1_ST_T0_B0_0120_ZLPZS0H-06_APB4D.biom')	1.0
520	('ZYU89T9', 2, 'HMP2_J45333_1_ST_T0_B0_0120_ZYU89T9-02_APB4D.biom')	1.0
521	('ZXHCGKV', 1, 'HMP2_J45334_1_ST_T0_B0_0120_ZXHCGKV-01_APB4D.biom')	1.0
522	('ZX52KVK', 7, 'HMP2_J45335_1_ST_T0_B0_0120_ZX52KVK-4015_APB4D.biom')	1.0
523	('ZNED4XZ', 6, 'HMP2_J45336_1_ST_T0_B0_0120_ZNED4XZ-4011_APB4D.biom')	1.0
524	('ZL63I8R', 4, 'HMP2_J45337_1_ST_T0_B0_0120_ZL63I8R-06_APB4D.biom')	1.0
525	('ZYHHR4Z', 1, 'HMP2_J45339_1_ST_T0_B0_0120_ZYHHR4Z-01_APB4D.biom')	1.0
526	('ZYU89T9', 1, 'HMP2_J45340_1_ST_T0_B0_0120_ZYU89T9-01_APB4D.biom')	1.0
527	('ZNED4XZ', 7, 'HMP2_J45341_1_ST_T0_B0_0120_ZNED4XZ-4012_APB4D.biom')	1.0
528	('ZXHCGKV', 2, 'HMP2_J45347_1_ST_T0_B0_0120_ZXHCGKV-02_APB4D.biom')	1.0
529	('ZJTKAE3', 7, 'HMP2_J45349_1_ST_T0_B0_0120_ZJTKAE3-2013_APB4D.biom')	1.0
530	('ZLTUJTN', 8, 'HMP2_J45350_1_ST_T0_B0_0120_ZLTUJTN-2013_APB4D.biom')	1.0
531	('ZMBH10Z', 5, 'HMP2_J45352_1_ST_T0_B0_0120_ZMBH10Z-05_APB4D.biom')	1.0
532	('ZLTUJTN', 7, 'HMP2_J45353_1_ST_T0_B0_0120_ZLTUJTN-2012_APB4D.biom')	1.0
533	('ZWHMV5E', 1, 'HMP2_J45354_1_ST_T0_B0_0120_ZWHMV5E-01_APB4D.biom')	1.0
534	('ZKVR426', 12, 'HMP2_J45355_1_ST_T0_B0_0120_ZKVR426-2011_APB4D.biom')	1.0
535	('ZUPAQVU', 1, 'HMP2_J45357_1_ST_T0_B0_0120_ZUPAQVU-01_APB4D.biom')	1.0
536	('ZY39SN0', 4, 'HMP2_J45362_1_ST_T0_B0_0120_ZY39SN0-3011_APB4D.biom')	1.0
537	('ZM8YXDM', 3, 'HMP2_J45363_1_ST_T0_B0_0120_ZM8YXDM-03_APB4D.biom')	1.0
538	('ZX52KVK', 1, 'HMP2_J45371_1_ST_T0_B0_0120_ZX52KVK-01_APB4D.biom')	1.0
539	('ZY39SN0', 2, 'HMP2_J45372_1_ST_T0_B0_0120_ZY39SN0-02_APB4D.biom')	1.0
540	('ZLTUJTN', 6, 'HMP2_J45375_1_ST_T0_B0_0120_ZLTUJTN-2011_APB4D.biom')	1.0
541	('ZY39SN0', 1, 'HMP2_J45376_1_ST_T0_B0_0120_ZY39SN0-01_APB4D.biom')	1.0
542	('ZL63I8R', 2, 'HMP2_J45378_1_ST_T0_B0_0120_ZL63I8R-04_APB4D.biom')	1.0
543	('ZV14SIB', 1, 'HMP2_J45380_1_ST_T0_B0_0120_ZV14SIB-01_APB4D.biom')	1.0
544	('ZK4CK8Y', 7, 'HMP2_J45382_1_ST_T0_B0_0120_ZK4CK8Y-07_APB4D.biom')	1.0
545	('ZLZQMEV', 10, 'HMP2_J45388_1_ST_T0_B0_0120_ZLZQMEV-06_APB4D.biom')	1.0
546	('ZNED4XZ', 9, 'HMP2_J45392_1_ST_T0_B0_0120_ZNED4XZ-4014_APB4D.biom')	1.0
547	('ZVTCAK9', 1, 'HMP2_J45393_1_ST_T0_B0_0120_ZVTCAK9-01X_APB4D.biom')	1.0
548	('ZVC4YUG', 1, 'HMP2_J45395_1_ST_T0_B0_0120_ZVC4YUG-01_APB4D.biom')	1.0
549	('ZVC4YUG', 2, 'HMP2_J45401_1_ST_T0_B0_0120_ZVC4YUG-02_APB4D.biom')	1.0
550	('ZVGW5FI', 999, 'HMP2_J45406_1_ST_T0_B0_0120_ZVGW5FI-01X_APB4D.biom')	1.0
551	('ZN9YTFN', 8, 'HMP2_J45408_1_ST_T0_B0_0120_ZN9YTFN-04_APB4D.biom')	1.0
552	('ZVNCGHM', 13, 'HMP2_J45411_1_ST_T0_B0_0120_ZVNCGHM-6021_APB4D.biom')	1.0
553	('ZN9TKCJ', 2, 'HMP2_J45420_1_ST_T0_B0_0120_ZN9TKCJ-02_APB4D.biom')	1.0
554	('ZY9XQJP', 3, 'HMP2_J45423_1_ST_T0_B0_0120_ZY9XQJP-03_APB4D.biom')	1.0
555	('ZOBX723', 1, 'HMP2_J45426_1_ST_T0_B0_0120_ZOBX723-02_APB4D.biom')	1.0
556	('ZOBX723', 8, 'HMP2_J45427_1_ST_T0_B0_0120_ZOBX723-1023_APB4D.biom')	1.0
557	('ZVNCGHM', 6, 'HMP2_J45429_1_ST_T0_B0_0120_ZVNCGHM-5011_APB4D.biom')	1.0
558	('ZX52KVK', 6, 'HMP2_J45430_1_ST_T0_B0_0120_ZX52KVK-4014_APB4D.biom')	1.0
559	('ZLYEM2C', 5, 'HMP2_J45432_1_ST_T0_B0_0120_ZLYEM2C-03_APB4D.biom')	1.0
560	('ZX52KVK', 5, 'HMP2_J45433_1_ST_T0_B0_0120_ZX52KVK-4013_APB4D.biom')	1.0
561	('ZJXC41N', 4, 'HMP2_J45436_1_ST_T0_B0_0120_ZJXC41N-04_APB4D.biom')	1.0
562	('ZLTUJTN', 3, 'HMP2_J45437_1_ST_T0_B0_0120_ZLTUJTN-07_APB4D.biom')	1.0
563	('ZL63I8R', 3, 'HMP2_J45446_1_ST_T0_B0_0120_ZL63I8R-05_APB4D.biom')	1.0
564	('ZJXC41N', 1, 'HMP2_J45449_1_ST_T0_B0_0120_ZJXC41N-03_APB4D.biom')	1.0
565	('ZL63I8R', 5, 'HMP2_J45452_1_ST_T0_B0_0120_ZL63I8R-07_APB4D.biom')	1.0
566	('ZLTUJTN', 5, 'HMP2_J45455_1_ST_T0_B0_0120_ZLTUJTN-09_APB4D.biom')	1.0
567	('ZL9BTWF', 16, 'HMP2_J45459_1_ST_T0_B0_0120_ZL9BTWF-10_APB4D.biom')	1.0
568	('ZL63I8R', 11, 'HMP2_J45460_1_ST_T0_B0_0120_ZL63I8R-1011_APB4D.biom')	1.0
569	('ZLTUJTN', 2, 'HMP2_J45463_1_ST_T0_B0_0120_ZLTUJTN-06_APB4D.biom')	1.0
570	('ZVNCGHM', 23, 'HMP2_J45467_1_ST_T0_B0_0120_ZVNCGHM-6034_APB4D.biom')	1.0
571	('ZUL3S6O', 10, 'HMP2_J45468_1_ST_T0_B0_0120_ZUL3S6O-6024_APB4D.biom')	1.0
572	('ZN9YTFN', 17, 'HMP2_J45469_1_ST_T0_B0_0120_ZN9YTFN-6023_APB4D.biom')	1.0
573	('ZJTKAE3', 17, 'HMP2_J45470_1_ST_T0_B0_0120_ZJTKAE3-6021_APB4D.biom')	1.0
574	('ZVM4N7A', 5, 'HMP2_J45471_1_ST_T0_B0_0120_ZVM4N7A-6012-AL1_AWBGH.biom')	1.0
575	('ZVM4N7A', 8, 'HMP2_J45472_1_ST_T0_B0_0120_ZVM4N7A-6015_AWBGH.biom')	1.0
576	('ZJTKAE3', 11, 'HMP2_J45475_1_ST_T0_B0_0120_ZJTKAE3-6012_APA62.biom')	1.0
577	('ZL63I8R', 12, 'HMP2_J45476_1_ST_T0_B0_0120_ZL63I8R-11_APA62.biom')	1.0
578	('ZSUQ08V', 1, 'HMP2_J45477_1_ST_T0_B0_0120_ZSUQ08V-01_APA62.biom')	1.0
579	('ZTL5S2Y', 1, 'HMP2_J45478_1_ST_T0_B0_0120_ZTL5S2Y-01_APA62.biom')	1.0
580	('ZVNCGHM', 24, 'HMP2_J45479_1_ST_T0_B0_0120_ZVNCGHM-6035_APA62.biom')	1.0
581	('ZN9YTFN', 20, 'HMP2_J45480_1_ST_T0_B0_0120_ZN9YTFN-6026_APA62.biom')	1.0
582	('ZJTKAE3', 14, 'HMP2_J45481_1_ST_T0_B0_0120_ZJTKAE3-6014_APA62.biom')	1.0
583	('ZVM4N7A', 9, 'HMP2_J45482_1_ST_T0_B0_0120_ZVM4N7A-6016_APA62.biom')	1.0
584	('ZW61YGW', 4, 'HMP2_J45483_1_ST_T0_B0_0120_ZW61YGW-04_APA62.biom')	1.0
585	('ZLPZS0H', 6, 'HMP2_J45484_1_ST_T0_B0_0120_ZLPZS0H-10_APA62.biom')	1.0
586	('ZVM4N7A', 4, 'HMP2_J45486_1_ST_T0_B0_0120_ZVM4N7A-6011_AWBGH.biom')	1.0
587	('ZYU89T9', 8, 'HMP2_J45490_1_ST_T0_B0_0120_ZYU89T9-3012_APA62.biom')	1.0
588	('ZMBVNFM', 16, 'HMP2_J45491_1_ST_T0_B0_0120_ZMBVNFM-07_APA62.biom')	1.0
589	('ZN9YTFN', 14, 'HMP2_J45493_1_ST_T0_B0_0120_ZN9YTFN-6016_APA62.biom')	1.0
590	('ZUL3S6O', 5, 'HMP2_J45494_1_ST_T0_B0_0120_ZUL3S6O-6014_APA62.biom')	1.0
591	('ZVNCGHM', 16, 'HMP2_J45497_1_ST_T0_B0_0120_ZVNCGHM-6024_APA62.biom')	1.0
592	('ZTXWLP3', 2, 'HMP2_J45498_1_ST_T0_B0_0120_ZTXWLP3-02_APA62.biom')	1.0
593	('ZVNCGHM', 17, 'HMP2_J45499_1_ST_T0_B0_0120_ZVNCGHM-6025_APA62.biom')	1.0
594	('ZJTKAE3', 19, 'HMP2_J45501_1_ST_T0_B0_0120_ZJTKAE3-6023_APA62.biom')	1.0
595	('ZTTL3YH', 1, 'HMP2_J45502_1_ST_T0_B0_0120_ZTTL3YH-01_APA62.biom')	1.0
596	('ZY39SN0', 6, 'HMP2_J45503_1_ST_T0_B0_0120_ZY39SN0-04_APA62.biom')	1.0
597	('ZVNCGHM', 15, 'HMP2_J45504_1_ST_T0_B0_0120_ZVNCGHM-6023_APA62.biom')	1.0
598	('ZUF48YS', 2, 'HMP2_J45505_1_ST_T0_B0_0120_ZUF48YS-02_APA62.biom')	1.0
599	('ZTUO1AO', 1, 'HMP2_J45506_1_ST_T0_B0_0120_ZTUO1AO-01_APA62.biom')	1.0
600	('ZVM4N7A', 7, 'HMP2_J45507_1_ST_T0_B0_0120_ZVM4N7A-6014_AWBGH.biom')	1.0
601	('ZMBVNFM', 15, 'HMP2_J45508_1_ST_T0_B0_0120_ZMBVNFM-1015_APA62.biom')	1.0
602	('ZM7JY3G', 7, 'HMP2_J45509_1_ST_T0_B0_0120_ZM7JY3G-08_APA62.biom')	1.0
603	('ZVBQY1N', 2, 'HMP2_J45512_1_ST_T0_B0_0120_ZVBQY1N-02_APA62.biom')	1.0
604	('ZLZQMEV', 11, 'HMP2_J45513_1_ST_T0_B0_0120_ZLZQMEV-07_APA62.biom')	1.0
605	('ZJTKAE3', 11, 'HMP2_J45514_1_ST_T0_B0_0120_ZJTKAE3-6011_APA62.biom')	1.0
606	('ZVM4N7A', 5, 'HMP2_J45515_1_ST_T0_B0_0120_ZVM4N7A-6012-AL2_AWBGH.biom')	1.0
607	('ZN9YTFN', 23, 'HMP2_J45516_1_ST_T0_B0_0120_ZN9YTFN-6033_APA62.biom')	1.0
608	('ZY9XQJP', 4, 'HMP2_J45519_1_ST_T0_B0_0120_ZY9XQJP-05_APA62.biom')	1.0
609	('ZJTKAE3', 13, 'HMP2_J45521_1_ST_T0_B0_0120_ZJTKAE3-6013_APA62.biom')	1.0
610	('ZJTKAE3', 22, 'HMP2_J45522_1_ST_T0_B0_0120_ZJTKAE3-6026_APA62.biom')	1.0
611	('ZV14SIB', 3, 'HMP2_J45523_1_ST_T0_B0_0120_ZV14SIB-03_APA62.biom')	1.0
612	('ZJTKAE3', 15, 'HMP2_J45524_1_ST_T0_B0_0120_ZJTKAE3-6015_APA62.biom')	1.0
613	('ZVM4N7A', 6, 'HMP2_J45525_1_ST_T0_B0_0120_ZVM4N7A-6013_AWBGH.biom')	1.0
614	('ZLTUJTN', 12, 'HMP2_J45527_1_ST_T0_B0_0120_ZLTUJTN-12_APA62.biom')	1.0
615	('ZN9YTFN', 22, 'HMP2_J45528_1_ST_T0_B0_0120_ZN9YTFN-6032_APA62.biom')	1.0
616	('ZVBQY1N', 7, 'HMP2_J45529_1_ST_T0_B0_0120_ZVBQY1N-04_APA62.biom')	1.0
617	('ZUL3S6O', 11, 'HMP2_J45530_1_ST_T0_B0_0120_ZUL3S6O-6025_APA62.biom')	1.0
618	('ZVTCAK9', 4, 'HMP2_J45532_1_ST_T0_B0_0120_ZVTCAK9-03_APA62.biom')	1.0
619	('ZL9BTWF', 18, 'HMP2_J45534_1_ST_T0_B0_0120_ZL9BTWF-11_APA62.biom')	1.0
620	('ZJTKAE3', 18, 'HMP2_J45537_1_ST_T0_B0_0120_ZJTKAE3-6022_APA62.biom')	1.0
621	('ZUL3S6O', 12, 'HMP2_J45538_1_ST_T0_B0_0120_ZUL3S6O-6026_APA62.biom')	1.0
622	('ZM7JY3G', 8, 'HMP2_J45539_1_ST_T0_B0_0120_ZM7JY3G-09_APA62.biom')	1.0
623	('ZTXY83G', 2, 'HMP2_J45540_1_ST_T0_B0_0120_ZTXY83G-02_APA62.biom')	1.0
624	('ZVNCGHM', 25, 'HMP2_J45541_1_ST_T0_B0_0120_ZVNCGHM-6036_APA62.biom')	1.0
625	('ZXKBAO5', 3, 'HMP2_J45542_1_ST_T0_B0_0120_ZXKBAO5-04_APA62.biom')	1.0
626	('ZK4CK8Y', 8, 'HMP2_J45543_1_ST_T0_B0_0120_ZK4CK8Y-08_APA62.biom')	1.0
627	('ZY7IW45', 11, 'HMP2_J45545_1_ST_T0_B0_0120_ZY7IW45-05_APA62.biom')	1.0
628	('ZXHCGKV', 4, 'HMP2_J45546_1_ST_T0_B0_0120_ZXHCGKV-05_APA62.biom')	1.0
629	('ZN3TBJM', 21, 'HMP2_J45547_1_ST_T0_B0_0120_ZN3TBJM-2024-AL2_APA62.biom')	1.0
630	('ZVM4N7A', 10, 'HMP2_J45548_1_ST_T0_B0_0120_ZVM4N7A-6021_APA62.biom')	1.0
631	('ZN9YTFN', 19, 'HMP2_J45549_1_ST_T0_B0_0120_ZN9YTFN-6025_APA62.biom')	1.0
632	('ZUL3S6O', 9, 'HMP2_J45551_1_ST_T0_B0_0120_ZUL3S6O-6023_APA62.biom')	1.0
633	('ZN9YTFN', 18, 'HMP2_J45552_1_ST_T0_B0_0120_ZN9YTFN-6024_APA62.biom')	1.0
634	('ZJTKAE3', 21, 'HMP2_J45553_1_ST_T0_B0_0120_ZJTKAE3-6025_APA62.biom')	1.0
635	('ZWCZHHY', 5, 'HMP2_J45554_1_ST_T0_B0_0120_ZWCZHHY-05_APATM.biom')	1.0
636	('ZLZQMEV', 12, 'HMP2_J45555_1_ST_T0_B0_0120_ZLZQMEV-08_APA62.biom')	1.0
637	('ZYXQKWY', 4, 'HMP2_J45556_1_ST_T0_B0_0120_ZYXQKWY-04_APA62.biom')	1.0
638	('ZVM4N7A', 12, 'HMP2_J45557_1_ST_T0_B0_0120_ZVM4N7A-6023_APA62.biom')	1.0
639	('ZN9YTFN', 21, 'HMP2_J45558_1_ST_T0_B0_0120_ZN9YTFN-6031_APA62.biom')	1.0
640	('ZSOZWGV', 1, 'HMP2_J45559_1_ST_T0_B0_0120_ZSOZWGV-01_APA62.biom')	1.0
641	('ZUPAQVU', 3, 'HMP2_J45560_1_ST_T0_B0_0120_ZUPAQVU-03_APA62.biom')	1.0
642	('ZVNCGHM', 22, 'HMP2_J45561_1_ST_T0_B0_0120_ZVNCGHM-6033_APA62.biom')	1.0
643	('ZTL5S2Y', 2, 'HMP2_J45562_1_ST_T0_B0_0120_ZTL5S2Y-02_APA62.biom')	1.0
644	('ZV14SIB', 4, 'HMP2_J45563_1_ST_T0_B0_0120_ZV14SIB-04_APA62.biom')	1.0
645	('ZR3WH7V', 1, 'HMP2_J45564_1_ST_T0_B0_0120_ZR3WH7V-01_APA62.biom')	1.0
646	('ZSQNUZ5', 1, 'HMP2_J45565_1_ST_T0_B0_0120_ZSQNUZ5-01_APA62.biom')	1.0
647	('ZRLZ98T', 4, 'HMP2_J45566_1_ST_T0_B0_0120_ZRLZ98T-6013_APA62.biom')	1.0
648	('ZUL3S6O', 15, 'HMP2_J45567_1_ST_T0_B0_0120_ZUL3S6O-6033_APA62.biom')	1.0
649	('ZLPZS0H', 7, 'HMP2_J45568_1_ST_T0_B0_0120_ZLPZS0H-11_APA62.biom')	1.0
650	('ZRA5YD8', 1, 'HMP2_J45569_1_ST_T0_B0_0120_ZRA5YD8-01_APA62.biom')	1.0
651	('ZJTKAE3', 20, 'HMP2_J45570_1_ST_T0_B0_0120_ZJTKAE3-6024_APA62.biom')	1.0
652	('ZL9BTWF', 19, 'HMP2_J45571_1_ST_T0_B0_0120_ZL9BTWF-12_APA62.biom')	1.0
653	('ZUL3S6O', 17, 'HMP2_J45572_1_ST_T0_B0_0120_ZUL3S6O-6035_APA62.biom')	1.0
654	('ZW61YGW', 5, 'HMP2_J45574_1_ST_T0_B0_0120_ZW61YGW-05_APAJ2.biom')	1.0
655	('ZRLZ98T', 5, 'HMP2_J45575_1_ST_T0_B0_0120_ZRLZ98T-6014_APAJ2.biom')	0.0
656	('ZY9XQJP', 6, 'HMP2_J45576_1_ST_T0_B0_0120_ZY9XQJP-06_APAJ2.biom')	1.0
657	('ZUL3S6O', 18, 'HMP2_J45577_1_ST_T0_B0_0120_ZUL3S6O-6036_APAJ2.biom')	1.0
658	('ZVM4N7A', 15, 'HMP2_J45578_1_ST_T0_B0_0120_ZVM4N7A-6026_APAJ2.biom')	1.0
659	('ZL63I8R', 13, 'HMP2_J45579_1_ST_T0_B0_0120_ZL63I8R-12_APAJ2.biom')	1.0
660	('ZVNCGHM', 27, 'HMP2_J45580_1_ST_T0_B0_0120_ZVNCGHM-6041_APAJ2.biom')	1.0
661	('ZUL3S6O', 8, 'HMP2_J45581_1_ST_T0_B0_0120_ZUL3S6O-6022_APAJ2.biom')	1.0
662	('ZRLZ98T', 6, 'HMP2_J45582_1_ST_T0_B0_0120_ZRLZ98T-6015_APAJ2.biom')	1.0
663	('ZVM4N7A', 16, 'HMP2_J45583_1_ST_T0_B0_0120_ZVM4N7A-07_APAJ2.biom')	1.0
664	('ZN9YTFN', 16, 'HMP2_J45584_1_ST_T0_B0_0120_ZN9YTFN-6022_APAJ2.biom')	1.0
665	('ZS78KHV', 1, 'HMP2_J45585_1_ST_T0_B0_0120_ZS78KHV-01_APAJ2.biom')	1.0
666	('ZRLZ98T', 2, 'HMP2_J45586_1_ST_T0_B0_0120_ZRLZ98T-6011_APAJ2.biom')	1.0
667	('ZQNZSQF', 1, 'HMP2_J45587_1_ST_T0_B0_0120_ZQNZSQF-01_APAJ2.biom')	1.0
668	('ZOBX723', 12, 'HMP2_J45589_1_ST_T0_B0_0120_ZOBX723-04_APAJ2.biom')	1.0
669	('ZR3WH7V', 3, 'HMP2_J45590_1_ST_T0_B0_0120_ZR3WH7V-6012_APAJ2.biom')	1.0
670	('ZR3WH7V', 3, 'HMP2_J45590_1_ST_T0_B0_0120_ZR3WH7V-6012_B86HB.biom')	1.0
671	('ZN0JE53', 16, 'HMP2_J45591_1_ST_T0_B0_0120_ZN0JE53-09_APAJ2.biom')	1.0
672	('ZRLZ98T', 3, 'HMP2_J45592_1_ST_T0_B0_0120_ZRLZ98T-6012_APAJ2.biom')	1.0
673	('ZRLZ98T', 7, 'HMP2_J45593_1_ST_T0_B0_0120_ZRLZ98T-6016_APAJ2.biom')	1.0
674	('ZVM4N7A', 17, 'HMP2_J45594_1_ST_T0_B0_0120_ZVM4N7A-6032_APAJ2.biom')	1.0
675	('ZX52KVK', 30, 'HMP2_J45595_1_ST_T0_B0_0120_ZX52KVK-2022-AL2_APAJ2.biom')	1.0
676	('ZUL3S6O', 16, 'HMP2_J45596_1_ST_T0_B0_0120_ZUL3S6O-6034_APAJ2.biom')	1.0
677	('ZUL3S6O', 16, 'HMP2_J45596_1_ST_T0_B0_0120_ZUL3S6O-6034_B86HB.biom')	1.0
678	('ZX52KVK', 28, 'HMP2_J45597_1_ST_T0_B0_0120_ZX52KVK-6016_APAJ2.biom')	1.0
679	('ZX52KVK', 28, 'HMP2_J45597_1_ST_T0_B0_0120_ZX52KVK-6016_B86HB.biom')	1.0
680	('ZYU89T9', 9, 'HMP2_J45598_1_ST_T0_B0_0120_ZYU89T9-06_APAJ2.biom')	1.0
681	('ZS78KHV', 3, 'HMP2_J45599_1_ST_T0_B0_0120_ZS78KHV-6012_APAJ2.biom')	1.0
682	('ZR3WH7V', 6, 'HMP2_J45601_1_ST_T0_B0_0120_ZR3WH7V-6015_APAJ2.biom')	1.0
683	('ZUF48YS', 1, 'HMP2_J45602_1_ST_T0_B0_0120_ZUF48YS-01_APAJ2.biom')	1.0
684	('ZLTUJTN', 13, 'HMP2_J45603_1_ST_T0_B0_0120_ZLTUJTN-13_APAJ2.biom')	1.0
685	('ZN9YTFN', 15, 'HMP2_J45605_1_ST_T0_B0_0120_ZN9YTFN-6021_APAJ2.biom')	1.0
686	('ZV14SIB', 2, 'HMP2_J45606_1_ST_T0_B0_0120_ZV14SIB-02_APAJ2.biom')	1.0
687	('ZN0JE53', 15, 'HMP2_J45607_1_ST_T0_B0_0120_ZN0JE53-08_APAJ2.biom')	1.0
688	('ZKVR426', 17, 'HMP2_J45610_1_ST_T0_B0_0120_ZKVR426-09_APAJ2.biom')	1.0
689	('ZVNCGHM', 19, 'HMP2_J45611_1_ST_T0_B0_0120_ZVNCGHM-6027_APAJ2.biom')	1.0
690	('ZLTUJTN', 11, 'HMP2_J45612_1_ST_T0_B0_0120_ZLTUJTN-11_APAJ2.biom')	1.0
691	('ZTXY83G', 1, 'HMP2_J45613_1_ST_T0_B0_0120_ZTXY83G-01_APAJ2.biom')	1.0
692	('ZTXY83G', 1, 'HMP2_J45613_1_ST_T0_B0_0120_ZTXY83G-01_B86HB.biom')	1.0
693	('ZUL3S6O', 4, 'HMP2_J45614_1_ST_T0_B0_0120_ZUL3S6O-6013_APAJ2.biom')	1.0
694	('ZWHMV5E', 3, 'HMP2_J45615_1_ST_T0_B0_0120_ZWHMV5E-03_APAJ2.biom')	1.0
695	('ZVNCGHM', 21, 'HMP2_J45617_1_ST_T0_B0_0120_ZVNCGHM-6032_APAJ2.biom')	1.0
696	('ZUL3S6O', 2, 'HMP2_J45618_1_ST_T0_B0_0120_ZUL3S6O-6012_APAJ2.biom')	1.0
697	('ZYU89T9', 7, 'HMP2_J45620_1_ST_T0_B0_0120_ZYU89T9-04_APAJ2.biom')	1.0
698	('ZUL3S6O', 6, 'HMP2_J45621_1_ST_T0_B0_0120_ZUL3S6O-6015_APAJ2.biom')	1.0
699	('ZVNCGHM', 20, 'HMP2_J45622_1_ST_T0_B0_0120_ZVNCGHM-6031_APAJ2.biom')	1.0
700	('ZTMFN3O', 1, 'HMP2_J45623_1_ST_T0_B0_0120_ZTMFN3O-01_APAJ2.biom')	1.0
701	('ZVNCGHM', 18, 'HMP2_J45624_1_ST_T0_B0_0120_ZVNCGHM-6026_APAJ2.biom')	1.0
702	('ZM8YXDM', 5, 'HMP2_J45627_1_ST_T0_B0_0120_ZM8YXDM-06_APAJ2.biom')	1.0
703	('ZUPAQVU', 2, 'HMP2_J45628_1_ST_T0_B0_0120_ZUPAQVU-02_APAJ2.biom')	1.0
704	('ZRB0F6P', 2, 'HMP2_J45629_1_ST_T0_B0_0120_ZRB0F6P-6011_APAJ2.biom')	1.0
705	('ZN9YTFN', 25, 'HMP2_J45630_1_ST_T0_B0_0120_ZN9YTFN-6035_APAJ2.biom')	1.0
706	('ZR3WH7V', 5, 'HMP2_J45632_1_ST_T0_B0_0120_ZR3WH7V-6014_APAJ2.biom')	1.0
707	('ZVNCGHM', 30, 'HMP2_J45633_1_ST_T0_B0_0120_ZVNCGHM-6044_APAJ2.biom')	1.0
708	('ZX52KVK', 24, 'HMP2_J45635_1_ST_T0_B0_0120_ZX52KVK-6012_APAJ2.biom')	1.0
709	('ZY39SN0', 8, 'HMP2_J45636_1_ST_T0_B0_0120_ZY39SN0-06_APAJ2.biom')	1.0
710	('ZXHCGKV', 3, 'HMP2_J45637_1_ST_T0_B0_0120_ZXHCGKV-04_APAJ2.biom')	1.0
711	('ZTMFN3O', 2, 'HMP2_J45638_1_ST_T0_B0_0120_ZTMFN3O-02_APAJ2.biom')	1.0
712	('ZKVR426', 18, 'HMP2_J45639_1_ST_T0_B0_0120_ZKVR426-10_APAJ2.biom')	1.0
713	('ZKVR426', 18, 'HMP2_J45639_1_ST_T0_B0_0120_ZKVR426-10_B86HB.biom')	1.0
714	('ZN9YTFN', 26, 'HMP2_J45641_1_ST_T0_B0_0120_ZN9YTFN-6036_APAJ2.biom')	1.0
715	('ZVNCGHM', 31, 'HMP2_J45642_1_ST_T0_B0_0120_ZVNCGHM-6045_APAJ2.biom')	1.0
716	('ZY9XQJP', 7, 'HMP2_J45643_1_ST_T0_B0_0120_ZY9XQJP-07_APAJ2.biom')	1.0
717	('ZLZQMEV', 13, 'HMP2_J45644_1_ST_T0_B0_0120_ZLZQMEV-09_APAJ2.biom')	1.0
718	('ZRB0F6P', 3, 'HMP2_J45645_1_ST_T0_B0_0120_ZRB0F6P-6012_APAJ2.biom')	1.0
719	('ZYXQKWY', 5, 'HMP2_J45647_1_ST_T0_B0_0120_ZYXQKWY-05_APAJ2.biom')	1.0
720	('ZR3WH7V', 4, 'HMP2_J45648_1_ST_T0_B0_0120_ZR3WH7V-6013_APAJ2.biom')	1.0
721	('ZVM4N7A', 20, 'HMP2_J45649_1_ST_T0_B0_0120_ZVM4N7A-6035_APAJ2.biom')	1.0
722	('ZVNCGHM', 28, 'HMP2_J45650_1_ST_T0_B0_0120_ZVNCGHM-6042_APAJ2.biom')	1.0
723	('ZWCZHHY', 6, 'HMP2_J45651_1_ST_T0_B0_0120_ZWCZHHY-06_APAJ2.biom')	1.0
724	('ZJTKAE3', 24, 'HMP2_J45653_1_ST_T0_B0_0120_ZJTKAE3-6032_APAJ2.biom')	1.0
725	('ZX52KVK', 27, 'HMP2_J45654_1_ST_T0_B0_0120_ZX52KVK-6015_APAJ2.biom')	1.0
726	('ZX52KVK', 25, 'HMP2_J45655_1_ST_T0_B0_0120_ZX52KVK-6013_APAJ2.biom')	1.0
727	('ZS78KHV', 4, 'HMP2_J45656_1_ST_T0_B0_0120_ZS78KHV-6013_APAJ2.biom')	1.0
728	('ZS78KHV', 6, 'HMP2_J45658_1_ST_T0_B0_0120_ZS78KHV-6015_APAJ2.biom')	1.0
729	('ZMGT937', 10, 'HMP2_J45659_1_ST_T0_B0_0120_ZMGT937-07_APAJ2.biom')	1.0
730	('ZKVR426', 24, 'HMP2_J66933_1_ST_T0_B0_0120_ZKVR426-2025_APATM.biom')	1.0
731	('ZMBVNFM', 18, 'HMP2_J66935_1_ST_T0_B0_0120_ZMBVNFM-1022_APATM.biom')	1.0
732	('ZN3TBJM', 28, 'HMP2_J66939_1_ST_T0_B0_0120_ZN3TBJM-1023_APATM.biom')	1.0
733	('ZN3TBJM', 32, 'HMP2_J66942_1_ST_T0_B0_0120_ZN3TBJM-4012_APATM.biom')	1.0
734	('ZN3TBJM', 33, 'HMP2_J66943_1_ST_T0_B0_0120_ZN3TBJM-4013_APATM.biom')	1.0
735	('ZN9YTFN', 9, 'HMP2_J66944_1_ST_T0_B0_0120_ZN9YTFN-6011_APATM.biom')	1.0
736	('ZN9YTFN', 10, 'HMP2_J66945_1_ST_T0_B0_0120_ZN9YTFN-6012_APATM.biom')	1.0
737	('ZN9YTFN', 10, 'HMP2_J66945_1_ST_T0_B0_0120_ZN9YTFN-6012_B86HB.biom')	1.0
738	('ZN9YTFN', 11, 'HMP2_J66946_1_ST_T0_B0_0120_ZN9YTFN-6013_APATM.biom')	1.0
739	('ZN9YTFN', 13, 'HMP2_J66947_1_ST_T0_B0_0120_ZN9YTFN-6015_APATM.biom')	1.0
740	('ZOZOW1T', 191, 'HMP2_J66948_1_ST_T0_B0_0120_ZOZOW1T-7022_APATM.biom')	1.0
741	('ZOZOW1T', 192, 'HMP2_J66949_1_ST_T0_B0_0120_ZOZOW1T-7023_APATM.biom')	1.0
742	('ZOZOW1T', 192, 'HMP2_J66949_1_ST_T0_B0_0120_ZOZOW1T-7023_B86HB.biom')	1.0
743	('ZOZOW1T', 194, 'HMP2_J66950_1_ST_T0_B0_0120_ZOZOW1T-7024_APATM.biom')	1.0
744	('ZOZOW1T', 200, 'HMP2_J66951_1_ST_T0_B0_0120_ZOZOW1T-7027_APATM.biom')	1.0
745	('ZPDABJR', 2, 'HMP2_J66952_1_ST_T0_B0_0120_ZPDABJR-3011_APATM.biom')	1.0
746	('ZPDABJR', 3, 'HMP2_J66953_1_ST_T0_B0_0120_ZPDABJR-3012_APATM.biom')	1.0
747	('ZPDABJR', 4, 'HMP2_J66954_1_ST_T0_B0_0120_ZPDABJR-3013_APATM.biom')	1.0
748	('ZQFL1P3', 6, 'HMP2_J66956_1_ST_T0_B0_0120_ZQFL1P3-6015_APATM.biom')	1.0
749	('ZQFL1P3', 9, 'HMP2_J66958_1_ST_T0_B0_0120_ZQFL1P3-6021_APATM.biom')	1.0
750	('ZQFL1P3', 10, 'HMP2_J66960_1_ST_T0_B0_0120_ZQFL1P3-6022_APATM.biom')	1.0
751	('ZR3WH7V', 9, 'HMP2_J66961_1_ST_T0_B0_0120_ZR3WH7V-6021_APATM.biom')	1.0
752	('ZRLZ98T', 10, 'HMP2_J66963_1_ST_T0_B0_0120_ZRLZ98T-6023_APATM.biom')	1.0
753	('ZRLZ98T', 11, 'HMP2_J66964_1_ST_T0_B0_0120_ZRLZ98T-6024_APATM.biom')	1.0
754	('ZRLZ98T', 12, 'HMP2_J66965_1_ST_T0_B0_0120_ZRLZ98T-6025_APATM.biom')	1.0
755	('ZS78KHV', 5, 'HMP2_J66966_1_ST_T0_B0_0120_ZS78KHV-6014_APATM.biom')	1.0
756	('ZS78KHV', 9, 'HMP2_J66967_1_ST_T0_B0_0120_ZS78KHV-6022_APATM.biom')	1.0
757	('ZS78KHV', 10, 'HMP2_J66969_1_ST_T0_B0_0120_ZS78KHV-6023_APATM.biom')	1.0
758	('ZS78KHV', 11, 'HMP2_J66971_1_ST_T0_B0_0120_ZS78KHV-6024_APATM.biom')	1.0
759	('ZS78KHV', 12, 'HMP2_J66972_1_ST_T0_B0_0120_ZS78KHV-6025_APATM.biom')	1.0
760	('ZUL3S6O', 14, 'HMP2_J66973_1_ST_T0_B0_0120_ZUL3S6O-6032_APATM.biom')	1.0
761	('ZX52KVK', 29, 'HMP2_J66975_1_ST_T0_B0_0120_ZX52KVK-2021_APATM.biom')	1.0
762	('ZX52KVK', 35, 'HMP2_J66976_1_ST_T0_B0_0120_ZX52KVK-6021_APATM.biom')	1.0
763	('ZX52KVK', 36, 'HMP2_J66977_1_ST_T0_B0_0120_ZX52KVK-6022_APATM.biom')	1.0
764	('ZX52KVK', 37, 'HMP2_J66978_1_ST_T0_B0_0120_ZX52KVK-6023_APATM.biom')	1.0
765	('ZX52KVK', 38, 'HMP2_J66979_1_ST_T0_B0_0120_ZX52KVK-6024_APATM.biom')	1.0
766	('ZX52KVK', 39, 'HMP2_J66981_1_ST_T0_B0_0120_ZX52KVK-6025_APATM.biom')	1.0
767	('ZX52KVK', 40, 'HMP2_J66983_1_ST_T0_B0_0120_ZX52KVK-6026_APATM.biom')	1.0
768	('ZYHHR4Z', 13, 'HMP2_J66984_1_ST_T0_B0_0120_ZYHHR4Z-07_APATM.biom')	1.0
769	('ZYHHR4Z', 20, 'HMP2_J66985_1_ST_T0_B0_0120_ZYHHR4Z-09_APATM.biom')	1.0
770	('ZYHHR4Z', 18, 'HMP2_J66986_1_ST_T0_B0_0120_ZYHHR4Z-2025_APATM.biom')	1.0
771	('ZYHHR4Z', 21, 'HMP2_J66987_1_ST_T0_B0_0120_ZYHHR4Z-8013_APATM.biom')	1.0
772	('ZYU89T9', 4, 'HMP2_J74151_1_ST_T0_B0_0120_ZYU89T9-2013-AL2_AVTWA.biom')	1.0
773	('ZUF48YS', 999, 'HMP2_J79772_1_ST_T0_B0_0120_ZUF48YS-06_B64B9.biom')	1.0
774	('ZTL5S2Y', 999, 'HMP2_J79773_1_ST_T0_B0_0120_ZTL5S2Y-06_B64B9.biom')	1.0
775	('ZN3TBJM', 2045, 'HMP2_J79774_1_ST_T0_B0_0120_ZN3TBJM-2045_B64B9.biom')	1.0
776	('ZKVR426', 13, 'HMP2_J79776_1_ST_T0_B0_0120_ZKVR426-13_B64B9.biom')	1.0
777	('ZL9BTWF', 999, 'HMP2_J79777_1_ST_T0_B0_0120_ZL9BTWF-6025_B64B9.biom')	1.0
778	('ZN9YTFN', 11, 'HMP2_J79778_1_ST_T0_B0_0120_ZN9YTFN-11_B64B9.biom')	1.0
779	('ZOZOW1T', 7040, 'HMP2_J79779_1_ST_T0_B0_0120_ZOZOW1T-7040_B64B9.biom')	1.0
780	('ZL9BTWF', 999, 'HMP2_J79780_1_ST_T0_B0_0120_ZL9BTWF-6024_B64B9.biom')	1.0
781	('ZL63I8R', 15, 'HMP2_J79781_1_ST_T0_B0_0120_ZL63I8R-15_B64B9.biom')	1.0
782	('ZQFL1P3', 999, 'HMP2_J79782_1_ST_T0_B0_0120_ZQFL1P3-6032_B64B9.biom')	1.0
783	('ZL9BTWF', 999, 'HMP2_J79783_1_ST_T0_B0_0120_ZL9BTWF-6026_B64B9.biom')	1.0
784	('ZQFL1P3', 999, 'HMP2_J79784_1_ST_T0_B0_0120_ZQFL1P3-6033_B64B9.biom')	1.0
785	('ZLZQMEV', 12, 'HMP2_J79786_1_ST_T0_B0_0120_ZLZQMEV-12_B64B9.biom')	1.0
786	('ZM7JY3G', 13, 'HMP2_J79787_1_ST_T0_B0_0120_ZM7JY3G-13_B64B9.biom')	1.0
787	('ZTMFN3O', 999, 'HMP2_J79788_1_ST_T0_B0_0120_ZTMFN3O-06_B64B9.biom')	1.0
788	('ZOZOW1T', 7041, 'HMP2_J79789_1_ST_T0_B0_0120_ZOZOW1T-7041_B64B9.biom')	1.0
789	('ZQNZSQF', 999, 'HMP2_J79790_1_ST_T0_B0_0120_ZQNZSQF-04_B64B9.biom')	1.0
790	('ZQFL1P3', 999, 'HMP2_J79791_1_ST_T0_B0_0120_ZQFL1P3-6034_B64B9.biom')	1.0
791	('ZLGD9M0', 15, 'HMP2_J79792_1_ST_T0_B0_0120_ZLGD9M0-15_B64B9.biom')	1.0
792	('ZYXQKWY', 999, 'HMP2_J79793_1_ST_T0_B0_0120_ZYXQKWY-08_B64B9.biom')	1.0
793	('ZUPAQVU', 999, 'HMP2_J79794_1_ST_T0_B0_0120_ZUPAQVU-09_B64B9.biom')	1.0
794	('ZQFL1P3', 999, 'HMP2_J79796_1_ST_T0_B0_0120_ZQFL1P3-6035_B64B9.biom')	1.0
795	('ZTL5S2Y', 1023, 'HMP2_J79798_1_ST_T0_B0_0120_ZTL5S2Y-1023_B64B9.biom')	1.0
796	('ZQFL1P3', 999, 'HMP2_J79799_1_ST_T0_B0_0120_ZQFL1P3-6036_B64B9.biom')	1.0
797	('ZSQNUZ5', 999, 'HMP2_J79800_1_ST_T0_B0_0120_ZSQNUZ5-05_B64B9.biom')	1.0
798	('ZKFV71L', 12, 'HMP2_J79801_1_ST_T0_B0_0120_ZKFV71L-12_B64B9.biom')	1.0
799	('ZPDABJR', 999, 'HMP2_J79802_1_ST_T0_B0_0120_ZPDABJR-6032_B64B9.biom')	1.0
800	('ZRB0F6P', 999, 'HMP2_J79803_1_ST_T0_B0_0120_ZRB0F6P-6032_B64B9.biom')	1.0
801	('ZN0JE53', 12, 'HMP2_J79804_1_ST_T0_B0_0120_ZN0JE53-12_B64B9.biom')	1.0
802	('ZTXY83G', 999, 'HMP2_J79805_1_ST_T0_B0_0120_ZTXY83G-06_B64B9.biom')	1.0
803	('ZVC4YUG', 999, 'HMP2_J79806_1_ST_T0_B0_0120_ZVC4YUG-04_B64B9.biom')	1.0
804	('ZPDABJR', 999, 'HMP2_J79807_1_ST_T0_B0_0120_ZPDABJR-6033_B64B9.biom')	1.0
805	('ZRB0F6P', 999, 'HMP2_J79809_1_ST_T0_B0_0120_ZRB0F6P-6033_B64B9.biom')	1.0
806	('ZTL5S2Y', 1024, 'HMP2_J79811_1_ST_T0_B0_0120_ZTL5S2Y-1024_B64B9.biom')	1.0
807	('ZPDABJR', 999, 'HMP2_J79812_1_ST_T0_B0_0120_ZPDABJR-6036_B64B9.biom')	1.0
808	('ZRB0F6P', 999, 'HMP2_J79813_1_ST_T0_B0_0120_ZRB0F6P-6034_B64B9.biom')	1.0
809	('ZPDABJR', 999, 'HMP2_J79814_1_ST_T0_B0_0120_ZPDABJR-6037_B64B9.biom')	1.0
810	('ZS78KHV', 999, 'HMP2_J79815_1_ST_T0_B0_0120_ZS78KHV-6032_B64B9.biom')	1.0
811	('ZRB0F6P', 999, 'HMP2_J79816_1_ST_T0_B0_0120_ZRB0F6P-6035_B64B9.biom')	1.0
812	('ZS78KHV', 999, 'HMP2_J79817_1_ST_T0_B0_0120_ZS78KHV-6033_B64B9.biom')	1.0
813	('ZPDABJR', 999, 'HMP2_J79818_1_ST_T0_B0_0120_ZPDABJR-6038_B64B9.biom')	1.0
814	('ZTL5S2Y', 1025, 'HMP2_J79819_1_ST_T0_B0_0120_ZTL5S2Y-1025_B64B9.biom')	1.0
815	('ZYHHR4Z', 11, 'HMP2_J79820_1_ST_T0_B0_0120_ZYHHR4Z-11_B64B9.biom')	1.0
816	('ZRB0F6P', 999, 'HMP2_J79821_1_ST_T0_B0_0120_ZRB0F6P-6036_B64B9.biom')	1.0
817	('ZS78KHV', 999, 'HMP2_J79822_1_ST_T0_B0_0120_ZS78KHV-6034_B64B9.biom')	1.0
818	('ZKFV71L', 6021, 'HMP2_J79823_1_ST_T0_B0_0120_ZKFV71L-6021_B64B9.biom')	1.0
819	('ZS78KHV', 999, 'HMP2_J79824_1_ST_T0_B0_0120_ZS78KHV-6035_B64B9.biom')	1.0
820	('ZLPZS0H', 15, 'HMP2_J79825_1_ST_T0_B0_0120_ZLPZS0H-15_B64B9.biom')	1.0
821	('ZKFV71L', 999, 'HMP2_J79826_1_ST_T0_B0_0120_ZKFV71L-6022_B64B9.biom')	1.0
822	('ZPF36E2', 999, 'HMP2_J79827_1_ST_T0_B0_0120_ZPF36E2-04_B64B9.biom')	1.0
823	('ZS78KHV', 999, 'HMP2_J79829_1_ST_T0_B0_0120_ZS78KHV-6036_B64B9.biom')	1.0
824	('ZTL8083', 999, 'HMP2_J79830_1_ST_T0_B0_0120_ZTL8083-02_B64B9.biom')	1.0
825	('ZKFV71L', 999, 'HMP2_J79831_1_ST_T0_B0_0120_ZKFV71L-6023_B64B9.biom')	1.0
826	('ZM8YXDM', 12, 'HMP2_J79832_1_ST_T0_B0_0120_ZM8YXDM-12_B64B9.biom')	1.0
827	('ZOZOW1T', 7043, 'HMP2_J79833_1_ST_T0_B0_0120_ZOZOW1T-7043_B64B9.biom')	1.0
828	('ZRB0F6P', 999, 'HMP2_J79836_1_ST_T0_B0_0120_ZRB0F6P-6024_B64B9.biom')	1.0
829	('ZQFL1P3', 999, 'HMP2_J79837_1_ST_T0_B0_0120_ZQFL1P3-6024_B64B9.biom')	1.0
830	('ZPEL6L3', 1012, 'HMP2_J79838_1_ST_T0_B0_0120_ZPEL6L3-1012_B64B9.biom')	1.0
831	('ZYHHR4Z', 8023, 'HMP2_J79839_1_ST_T0_B0_0120_ZYHHR4Z-8023_B64B9.biom')	1.0
832	('ZPDABJR', 3014, 'HMP2_J79840_1_ST_T0_B0_0120_ZPDABJR-3014_B64B9.biom')	1.0
833	('ZQFL1P3', 999, 'HMP2_J79841_1_ST_T0_B0_0120_ZQFL1P3-6025_B64B9.biom')	1.0
834	('ZRB0F6P', 999, 'HMP2_J79842_1_ST_T0_B0_0120_ZRB0F6P-6025_B64B9.biom')	1.0
835	('ZPEL6L3', 1013, 'HMP2_J79844_1_ST_T0_B0_0120_ZPEL6L3-1013_B64B9.biom')	1.0
836	('ZN3TBJM', 4014, 'HMP2_J79846_1_ST_T0_B0_0120_ZN3TBJM-4014_B64B9.biom')	1.0
837	('ZYHHR4Z', 8024, 'HMP2_J79847_1_ST_T0_B0_0120_ZYHHR4Z-8024_B64B9.biom')	1.0
838	('ZVNCGHM', 999, 'HMP2_J79848_1_ST_T0_B0_0120_ZVNCGHM-09_B64B9.biom')	1.0
839	('ZOZOW1T', 999, 'HMP2_J79850_1_ST_T0_B0_0120_ZOZOW1T-7028_B64B9.biom')	1.0
840	('ZQFL1P3', 999, 'HMP2_J79851_1_ST_T0_B0_0120_ZQFL1P3-6026_B64B9.biom')	1.0
841	('ZRB0F6P', 999, 'HMP2_J79852_1_ST_T0_B0_0120_ZRB0F6P-6026_B64B9.biom')	1.0
842	('ZPDABJR', 6011, 'HMP2_J79853_1_ST_T0_B0_0120_ZPDABJR-6011_B64B9.biom')	1.0
843	('ZMBVNFM', 1032, 'HMP2_J79854_1_ST_T0_B0_0120_ZMBVNFM-1032_B64B9.biom')	1.0
844	('ZOZOW1T', 7029, 'HMP2_J79855_1_ST_T0_B0_0120_ZOZOW1T-7029_B64B9.biom')	1.0
845	('ZL9BTWF', 999, 'HMP2_J79856_1_ST_T0_B0_0120_ZL9BTWF-6012_B86HB.biom')	1.0
846	('ZTXWLP3', 999, 'HMP2_J79857_1_ST_T0_B0_0120_ZTXWLP3-05_B86HB.biom')	1.0
847	('ZYXQKWY', 999, 'HMP2_J79858_1_ST_T0_B0_0120_ZYXQKWY-07_B86HB.biom')	1.0
848	('ZOZOW1T', 7030, 'HMP2_J79859_1_ST_T0_B0_0120_ZOZOW1T-7030_B86HB.biom')	1.0
849	('ZPF36E2', 1, 'HMP2_J79860_1_ST_T0_B0_0120_ZPF36E2-01_B86HB.biom')	1.0
850	('ZVBQY1N', 21, 'HMP2_J79861_1_ST_T0_B0_0120_ZVBQY1N-6032_B86HB.biom')	1.0
851	('ZL9BTWF', 999, 'HMP2_J79862_1_ST_T0_B0_0120_ZL9BTWF-6013_B86HB.biom')	1.0
852	('ZMBVNFM', 1033, 'HMP2_J79863_1_ST_T0_B0_0120_ZMBVNFM-1033_B86HB.biom')	1.0
853	('ZL9BTWF', 6011, 'HMP2_J79864_1_ST_T0_B0_0120_ZL9BTWF-6011_B86HB.biom')	1.0
854	('ZPDABJR', 999, 'HMP2_J79865_1_ST_T0_B0_0120_ZPDABJR-6013_B86HB.biom')	1.0
855	('ZTLUDS8', 999, 'HMP2_J79866_1_ST_T0_B0_0120_ZTLUDS8-04_B86HB.biom')	1.0
856	('ZTL5S2Y', 999, 'HMP2_J79867_1_ST_T0_B0_0120_ZTL5S2Y-05_B86HB.biom')	1.0
857	('ZSQNUZ5', 3, 'HMP2_J79868_1_ST_T0_B0_0120_ZSQNUZ5-03_B86HB.biom')	1.0
858	('ZL63I8R', 14, 'HMP2_J79869_1_ST_T0_B0_0120_ZL63I8R-14_B86HB.biom')	1.0
859	('ZOZOW1T', 999, 'HMP2_J79870_1_ST_T0_B0_0120_ZOZOW1T-7031_B86HB.biom')	1.0
860	('ZPDABJR', 999, 'HMP2_J79871_1_ST_T0_B0_0120_ZPDABJR-6014_B86HB.biom')	1.0
861	('ZYHHR4Z', 3, 'HMP2_J79873_1_ST_T0_B0_0120_ZYHHR4Z-10_B86HB.biom')	1.0
862	('ZKFV71L', 6011, 'HMP2_J79874_1_ST_T0_B0_0120_ZKFV71L-6011_B86HB.biom')	1.0
863	('ZL9BTWF', 999, 'HMP2_J79875_1_ST_T0_B0_0120_ZL9BTWF-6014_B86HB.biom')	1.0
864	('ZLTUJTN', 15, 'HMP2_J79876_1_ST_T0_B0_0120_ZLTUJTN-15_B86HB.biom')	1.0
865	('ZVBQY1N', 22, 'HMP2_J79878_1_ST_T0_B0_0120_ZVBQY1N-6033_B86HB.biom')	1.0
866	('ZVBQY1N', 23, 'HMP2_J79879_1_ST_T0_B0_0120_ZVBQY1N-6034_B86HB.biom')	1.0
867	('ZOZOW1T', 999, 'HMP2_J79880_1_ST_T0_B0_0120_ZOZOW1T-7034_B86HB.biom')	1.0
868	('ZPDABJR', 999, 'HMP2_J79881_1_ST_T0_B0_0120_ZPDABJR-6015_B64B9.biom')	1.0
869	('ZR47VBL', 999, 'HMP2_J79882_1_ST_T0_B0_0120_ZR47VBL-03_B64B9.biom')	1.0
870	('ZTMFN3O', 999, 'HMP2_J79883_1_ST_T0_B0_0120_ZTMFN3O-05_B64B9.biom')	1.0
871	('ZKFV71L', 999, 'HMP2_J79884_1_ST_T0_B0_0120_ZKFV71L-6012_B64B9.biom')	1.0
872	('ZY7IW45', 999, 'HMP2_J79885_1_ST_T0_B0_0120_ZY7IW45-09_B64B9.biom')	1.0
873	('ZVBQY1N', 24, 'HMP2_J79886_1_ST_T0_B0_0120_ZVBQY1N-6035_B64B9.biom')	1.0
874	('ZL9BTWF', 999, 'HMP2_J79887_1_ST_T0_B0_0120_ZL9BTWF-6016_B64B9.biom')	1.0
875	('ZPDABJR', 999, 'HMP2_J79888_1_ST_T0_B0_0120_ZPDABJR-6016_B64B9.biom')	1.0
876	('ZLZQMEV', 11, 'HMP2_J79890_1_ST_T0_B0_0120_ZLZQMEV-11_B64B9.biom')	1.0
877	('ZOZOW1T', 7035, 'HMP2_J79891_1_ST_T0_B0_0120_ZOZOW1T-7035_B64B9.biom')	1.0
878	('ZN9YTFN', 2, 'HMP2_J79892_1_ST_T0_B0_0120_ZN9YTFN-10_B64B9.biom')	1.0
879	('ZY39SN0', 999, 'HMP2_J79893_1_ST_T0_B0_0120_ZY39SN0-07_B64B9.biom')	1.0
880	('ZQMVU4Q', 999, 'HMP2_J79894_1_ST_T0_B0_0120_ZQMVU4Q-04_B64B9.biom')	1.0
881	('ZKFV71L', 999, 'HMP2_J79896_1_ST_T0_B0_0120_ZKFV71L-6014_B64B9.biom')	1.0
882	('ZN0JE53', 11, 'HMP2_J79897_1_ST_T0_B0_0120_ZN0JE53-11_B64B9.biom')	1.0
883	('ZY9XQJP', 999, 'HMP2_J79898_1_ST_T0_B0_0120_ZY9XQJP-09_B64B9.biom')	1.0
884	('ZSUQ08V', 5, 'HMP2_J79899_1_ST_T0_B0_0120_ZSUQ08V-05_B64B9.biom')	1.0
885	('ZKFV71L', 999, 'HMP2_J79900_1_ST_T0_B0_0120_ZKFV71L-6015_B64B9.biom')	1.0
886	('ZOZOW1T', 7036, 'HMP2_J79901_1_ST_T0_B0_0120_ZOZOW1T-7036_B64B9.biom')	1.0
887	('ZUPAQVU', 999, 'HMP2_J79902_1_ST_T0_B0_0120_ZUPAQVU-08_B64B9.biom')	1.0
888	('ZUL3S6O', 999, 'HMP2_J79903_1_ST_T0_B0_0120_ZUL3S6O-07_B64B9.biom')	1.0
889	('ZKFV71L', 999, 'HMP2_J79904_1_ST_T0_B0_0120_ZKFV71L-6016_B64B9.biom')	1.0
890	('ZR3WH7V', 999, 'HMP2_J79905_1_ST_T0_B0_0120_ZR3WH7V-03_B64B9.biom')	1.0
891	('ZOZOW1T', 7037, 'HMP2_J79906_1_ST_T0_B0_0120_ZOZOW1T-7037_B64B9.biom')	1.0
892	('ZOZOW1T', 7038, 'HMP2_J79908_1_ST_T0_B0_0120_ZOZOW1T-7038_B64B9.biom')	1.0
893	('ZMBH10Z', 7, 'HMP2_J79909_1_ST_T0_B0_0120_ZMBH10Z-08_B64B9.biom')	1.0
894	('ZUF48YS', 999, 'HMP2_J79910_1_ST_T0_B0_0120_ZUF48YS-3011_B64B9.biom')	1.0
895	('ZJXC41N', 11, 'HMP2_J79911_1_ST_T0_B0_0120_ZJXC41N-11_B64B9.biom')	1.0
896	('ZN3TBJM', 12, 'HMP2_J79912_1_ST_T0_B0_0120_ZN3TBJM-10_B64B9.biom')	1.0
897	('ZTL5S2Y', 1011, 'HMP2_J79913_1_ST_T0_B0_0120_ZTL5S2Y-1011_B64B9.biom')	1.0
898	('ZPF36E2', 999, 'HMP2_J79914_1_ST_T0_B0_0120_ZPF36E2-03_B64B9.biom')	1.0
899	('ZUF48YS', 999, 'HMP2_J79915_1_ST_T0_B0_0120_ZUF48YS-3012_B64B9.biom')	1.0
900	('ZTL5S2Y', 1012, 'HMP2_J79916_1_ST_T0_B0_0120_ZTL5S2Y-1012_B64B9.biom')	1.0
901	('ZN3TBJM', 2042, 'HMP2_J79917_1_ST_T0_B0_0120_ZN3TBJM-2042_B64B9.biom')	1.0
902	('ZOZOW1T', 1042, 'HMP2_J79918_1_ST_T0_B0_0120_ZOZOW1T-1042_B64B9.biom')	1.0
903	('ZN3TBJM', 2041, 'HMP2_J79919_1_ST_T0_B0_0120_ZN3TBJM-2041_B64B9.biom')	1.0
904	('ZVBQY1N', 25, 'HMP2_J79920_1_ST_T0_B0_0120_ZVBQY1N-6036_B64B9.biom')	1.0
905	('ZTL5S2Y', 1013, 'HMP2_J79921_1_ST_T0_B0_0120_ZTL5S2Y-1013_B64B9.biom')	1.0
906	('ZN3TBJM', 2043, 'HMP2_J79922_1_ST_T0_B0_0120_ZN3TBJM-2043_B64B9.biom')	1.0
907	('ZWCZHHY', 999, 'HMP2_J79923_1_ST_T0_B0_0120_ZWCZHHY-09_B64B9.biom')	1.0
908	('ZOZOW1T', 1043, 'HMP2_J79924_1_ST_T0_B0_0120_ZOZOW1T-1043_B64B9.biom')	1.0
909	('ZL9BTWF', 6021, 'HMP2_J79925_1_ST_T0_B0_0120_ZL9BTWF-6021_B64B9.biom')	1.0
910	('ZVNCGHM', 1, 'HMP2_J79927_1_ST_T0_B0_0120_ZVNCGHM-10_B64B9.biom')	1.0
911	('ZVM4N7A', 999, 'HMP2_J79928_1_ST_T0_B0_0120_ZVM4N7A-09_B64B9.biom')	1.0
912	('ZLPZS0H', 14, 'HMP2_J79929_1_ST_T0_B0_0120_ZLPZS0H-14_B64B9.biom')	1.0
913	('ZL9BTWF', 999, 'HMP2_J79930_1_ST_T0_B0_0120_ZL9BTWF-6015_B64B9.biom')	1.0
914	('ZPEL6L3', 999, 'HMP2_J79931_1_ST_T0_B0_0120_ZPEL6L3-02_B64B9.biom')	1.0
915	('ZLZNCLZ', 13, 'HMP2_J79932_1_ST_T0_B0_0120_ZLZNCLZ-13_B64B9.biom')	1.0
916	('ZL9BTWF', 999, 'HMP2_J79933_1_ST_T0_B0_0120_ZL9BTWF-6022_B64B9.biom')	1.0
917	('ZTL5S2Y', 1014, 'HMP2_J79934_1_ST_T0_B0_0120_ZTL5S2Y-1014_B64B9.biom')	1.0
918	('ZOBX723', 13, 'HMP2_J79935_1_ST_T0_B0_0120_ZOBX723-05_B64B9.biom')	1.0
919	('ZOBX723', 14, 'HMP2_J79936_1_ST_T0_B0_0120_ZOBX723-06_B64B9.biom')	1.0
920	('ZOBX723', 999, 'HMP2_J79937_1_ST_T0_B0_0120_ZOBX723-07_B64B9.biom')	1.0
921	('ZL9BTWF', 999, 'HMP2_J79938_1_ST_T0_B0_0120_ZL9BTWF-6023_B64B9.biom')	1.0
922	('ZQFL1P3', 6031, 'HMP2_J79939_1_ST_T0_B0_0120_ZQFL1P3-6031_B64B9.biom')	1.0
923	('ZOZOW1T', 999, 'HMP2_J79940_1_ST_T0_B0_0120_ZOZOW1T-7039_B64B9.biom')	1.0
924	('ZL9BTWF', 6031, 'HMP2_J79941_1_ST_T0_B0_0120_ZL9BTWF-6031_B64B9.biom')	1.0
925	('ZKFV71L', 999, 'HMP2_J79942_1_ST_T0_B0_0120_ZKFV71L-6024_B64B9.biom')	1.0
926	('ZLTUJTN', 2031, 'HMP2_J79943_1_ST_T0_B0_0120_ZLTUJTN-2031_B64B9.biom')	1.0
927	('ZWCZHHY', 10, 'HMP2_J79944_1_ST_T0_B0_0120_ZWCZHHY-10_B64B9.biom')	1.0
928	('ZLTUJTN', 2032, 'HMP2_J79946_1_ST_T0_B0_0120_ZLTUJTN-2032_B64B9.biom')	1.0
929	('ZKFV71L', 999, 'HMP2_J79947_1_ST_T0_B0_0120_ZKFV71L-6025_B64B9.biom')	1.0
930	('ZL9BTWF', 999, 'HMP2_J79948_1_ST_T0_B0_0120_ZL9BTWF-6032_B64B9.biom')	1.0
931	('ZLTUJTN', 2033, 'HMP2_J79949_1_ST_T0_B0_0120_ZLTUJTN-2033_B64B9.biom')	1.0
932	('ZVBQY1N', 999, 'HMP2_J79950_1_ST_T0_B0_0120_ZVBQY1N-07_B64B9.biom')	1.0
933	('ZKFV71L', 999, 'HMP2_J79951_1_ST_T0_B0_0120_ZKFV71L-6026_B64B9.biom')	1.0
934	('ZLTUJTN', 2034, 'HMP2_J79952_1_ST_T0_B0_0120_ZLTUJTN-2034_B64B9.biom')	1.0
935	('ZL9BTWF', 999, 'HMP2_J79953_1_ST_T0_B0_0120_ZL9BTWF-6033_B64B9.biom')	1.0
936	('ZX52KVK', 33, 'HMP2_J79954_1_ST_T0_B0_0120_ZX52KVK-6031_B64B9.biom')	1.0
937	('ZKFV71L', 2023, 'HMP2_J79955_1_ST_T0_B0_0120_ZKFV71L-2023_B64B9.biom')	1.0
938	('ZX52KVK', 8012, 'HMP2_J79956_1_ST_T0_B0_0120_ZX52KVK-8012_B64B9.biom')	1.0
939	('ZTL5S2Y', 1031, 'HMP2_J79957_1_ST_T0_B0_0120_ZTL5S2Y-1031_B64B9.biom')	1.0
940	('ZX52KVK', 999, 'HMP2_J79958_1_ST_T0_B0_0120_ZX52KVK-6032_B64B9.biom')	1.0
941	('ZTL5S2Y', 1032, 'HMP2_J79959_1_ST_T0_B0_0120_ZTL5S2Y-1032_B64B9.biom')	1.0
942	('ZTL5S2Y', 1033, 'HMP2_J79961_1_ST_T0_B0_0120_ZTL5S2Y-1033_B64B9.biom')	1.0
943	('ZL9BTWF', 999, 'HMP2_J79962_1_ST_T0_B0_0120_ZL9BTWF-6035_B64B9.biom')	1.0
944	('ZY9XQJP', 10, 'HMP2_J79963_1_ST_T0_B0_0120_ZY9XQJP-10_B64B9.biom')	1.0
945	('ZLZNCLZ', 14, 'HMP2_J79964_1_ST_T0_B0_0120_ZLZNCLZ-14_B64B9.biom')	1.0
946	('ZPEL6L3', 999, 'HMP2_J79965_1_ST_T0_B0_0120_ZPEL6L3-03_B64B9.biom')	1.0
947	('ZL9BTWF', 999, 'HMP2_J79966_1_ST_T0_B0_0120_ZL9BTWF-6034_B64B9.biom')	1.0
948	('ZS78KHV', 999, 'HMP2_J79967_1_ST_T0_B0_0120_ZS78KHV-03_B64B9.biom')	1.0
949	('ZOZOW1T', 7044, 'HMP2_J79968_1_ST_T0_B0_0120_ZOZOW1T-7044_B64B9.biom')	1.0
950	('ZX52KVK', 999, 'HMP2_J79969_1_ST_T0_B0_0120_ZX52KVK-6034_B64B9.biom')	1.0
951	('ZWCZHHY', 999, 'HMP2_J79970_1_ST_T0_B0_0120_ZWCZHHY-6021_B64B9.biom')	1.0
952	('ZKVR426', 14, 'HMP2_J79972_1_ST_T0_B0_0120_ZKVR426-14_B64B9.biom')	1.0
953	('ZN3TBJM', 11, 'HMP2_J79973_1_ST_T0_B0_0120_ZN3TBJM-11_B64B9.biom')	1.0
954	('ZUF48YS', 999, 'HMP2_J79974_1_ST_T0_B0_0120_ZUF48YS-07_B64B9.biom')	1.0
955	('ZTL5S2Y', 1034, 'HMP2_J79975_1_ST_T0_B0_0120_ZTL5S2Y-1034_B64B9.biom')	1.0
956	('ZUPAQVU', 10, 'HMP2_J79976_1_ST_T0_B0_0120_ZUPAQVU-10_B64B9.biom')	1.0
957	('ZMBVNFM', 13, 'HMP2_J79977_1_ST_T0_B0_0120_ZMBVNFM-10_B64B9.biom')	1.0
958	('ZN9YTFN', 999, 'HMP2_J79978_1_ST_T0_B0_0120_ZN9YTFN-12_B64B9.biom')	1.0
959	('ZX52KVK', 999, 'HMP2_J79979_1_ST_T0_B0_0120_ZX52KVK-6035_B64B9.biom')	1.0
960	('ZN3TBJM', 2052, 'HMP2_J79980_1_ST_T0_B0_0120_ZN3TBJM-2052_B86HB.biom')	1.0
961	('ZYXQKWY', 999, 'HMP2_J79981_1_ST_T0_B0_0120_ZYXQKWY-09_B86HB.biom')	1.0
962	('ZOZOW1T', 7045, 'HMP2_J79982_1_ST_T0_B0_0120_ZOZOW1T-7045_B86HB.biom')	1.0
963	('ZN3TBJM', 2053, 'HMP2_J79983_1_ST_T0_B0_0120_ZN3TBJM-2053_B86HB.biom')	1.0
964	('ZSQNUZ5', 999, 'HMP2_J79984_1_ST_T0_B0_0120_ZSQNUZ5-06_B86HB.biom')	1.0
965	('ZY39SN0', 999, 'HMP2_J79985_1_ST_T0_B0_0120_ZY39SN0-09_B86HB.biom')	1.0
966	('ZR47VBL', 999, 'HMP2_J79986_1_ST_T0_B0_0120_ZR47VBL-04_B86HB.biom')	1.0
967	('ZR3WH7V', 999, 'HMP2_J79987_1_ST_T0_B0_0120_ZR3WH7V-04_B86HB.biom')	1.0
968	('ZW61YGW', 999, 'HMP2_J79988_1_ST_T0_B0_0120_ZW61YGW-08_B86HB.biom')	1.0
969	('ZX52KVK', 999, 'HMP2_J79989_1_ST_T0_B0_0120_ZX52KVK-6036_B86HB.biom')	1.0
970	('ZTMFN3O', 999, 'HMP2_J79990_1_ST_T0_B0_0120_ZTMFN3O-07_B86HB.biom')	1.0
971	('ZVBQY1N', 6, 'HMP2_J79997_1_ST_T0_B0_0120_ZVBQY1N-03_B86HB.biom')	1.0
972	('ZKFV71L', 12, 'HMP2_J80001_1_ST_T0_B0_0120_ZKFV71L-2014_B86HB.biom')	1.0
973	('ZL63I8R', 18, 'HMP2_J80003_1_ST_T0_B0_0120_ZL63I8R-1014_B86HB.biom')	1.0
974	('ZLPZS0H', 999, 'HMP2_J80004_1_ST_T0_B0_0120_ZLPZS0H-2016_B86HB.biom')	1.0
975	('ZMGT937', 11, 'HMP2_J80005_1_ST_T0_B0_0120_ZMGT937-08_B86HB.biom')	1.0
976	('ZTXY83G', 4, 'HMP2_J80007_1_ST_T0_B0_0120_ZTXY83G-04_B86HB.biom')	1.0
977	('ZMBH10Z', 999, 'HMP2_J80008_1_ST_T0_B0_0120_ZMBH10Z-09_B86HB.biom')	1.0
978	('ZK4CK8Y', 9, 'HMP2_J80009_1_ST_T0_B0_0120_ZK4CK8Y-09_B86HB.biom')	1.0
979	('ZL63I8R', 999, 'HMP2_J80010_1_ST_T0_B0_0120_ZL63I8R-1015_B86HB.biom')	1.0
980	('ZKFV71L', 13, 'HMP2_J80012_1_ST_T0_B0_0120_ZKFV71L-2015_B86HB.biom')	1.0
981	('ZSUQ08V', 3, 'HMP2_J80014_1_ST_T0_B0_0120_ZSUQ08V-03_B86HB.biom')	1.0
982	('ZTXWLP3', 4, 'HMP2_J80017_1_ST_T0_B0_0120_ZTXWLP3-04_B86HB.biom')	1.0
983	('ZQFL1P3', 9, 'HMP2_J80019_1_ST_T0_B0_0120_ZQFL1P3-6021_B86HB.biom')	1.0
984	('ZQFL1P3', 8, 'HMP2_J80021_1_ST_T0_B0_0120_ZQFL1P3-03_B86HB.biom')	1.0
985	('ZM7JY3G', 10, 'HMP2_J80024_1_ST_T0_B0_0120_ZM7JY3G-11_B86HB.biom')	1.0
986	('ZS78KHV', 8, 'HMP2_J80026_1_ST_T0_B0_0120_ZS78KHV-6021_B86HB.biom')	1.0
987	('ZL9BTWF', 22, 'HMP2_J80028_1_ST_T0_B0_0120_ZL9BTWF-14_B86HB.biom')	1.0
988	('ZPDABJR', 2, 'HMP2_J80030_1_ST_T0_B0_0120_ZPDABJR-3011_B86HB.biom')	1.0
989	('ZKVR426', 23, 'HMP2_J80035_1_ST_T0_B0_0120_ZKVR426-2024_B86HB.biom')	1.0
990	('ZKVR426', 22, 'HMP2_J80036_1_ST_T0_B0_0120_ZKVR426-2023_B86HB.biom')	1.0
991	('ZLPZS0H', 14, 'HMP2_J80037_1_ST_T0_B0_0120_ZLPZS0H-2013_B86HB.biom')	1.0
992	('ZKVR426', 21, 'HMP2_J80038_1_ST_T0_B0_0120_ZKVR426-2022_B86HB.biom')	1.0
993	('ZR47VBL', 2, 'HMP2_J80040_1_ST_T0_B0_0120_ZR47VBL-02_B86HB.biom')	1.0
994	('ZTMFN3O', 4, 'HMP2_J80041_1_ST_T0_B0_0120_ZTMFN3O-1012_B86HB.biom')	1.0
995	('ZLYEM2C', 8, 'HMP2_J80042_1_ST_T0_B0_0120_ZLYEM2C-07_B86HB.biom')	1.0
996	('ZTL5S2Y', 3, 'HMP2_J80043_1_ST_T0_B0_0120_ZTL5S2Y-03_B86HB.biom')	1.0
997	('ZKVR426', 20, 'HMP2_J80044_1_ST_T0_B0_0120_ZKVR426-2021_B86HB.biom')	1.0
998	('ZKFV71L', 9, 'HMP2_J80045_1_ST_T0_B0_0120_ZKFV71L-2011_B86HB.biom')	1.0
999	('ZUL3S6O', 23, 'HMP2_J80047_1_ST_T0_B0_0120_ZUL3S6O-2015_B86HB.biom')	1.0
1000	('ZKFV71L', 11, 'HMP2_J80048_1_ST_T0_B0_0120_ZKFV71L-2013_B86HB.biom')	1.0
1001	('ZLZQMEV', 3, 'HMP2_J80052_1_ST_T0_B0_0120_ZLZQMEV-10_B86HB.biom')	1.0
1002	('ZTMFN3O', 3, 'HMP2_J80053_1_ST_T0_B0_0120_ZTMFN3O-1011_B86HB.biom')	1.0
1003	('ZPXU188', 999, 'HMP2_J80054_1_ST_T0_B0_0120_ZPXU188-02_B86HB.biom')	1.0
1004	('ZQFL1P3', 1, 'HMP2_J80059_1_ST_T0_B0_0120_ZQFL1P3-01_B86HB.biom')	1.0
1005	('ZTMFN3O', 5, 'HMP2_J80060_1_ST_T0_B0_0120_ZTMFN3O-1015_B86HB.biom')	1.0
1006	('ZLPZS0H', 12, 'HMP2_J80061_1_ST_T0_B0_0120_ZLPZS0H-12_B86HB.biom')	1.0
1007	('ZN0JE53', 14, 'HMP2_J80067_1_ST_T0_B0_0120_ZN0JE53-07_B86HB.biom')	1.0
1008	('ZKFV71L', 6, 'HMP2_J80068_1_ST_T0_B0_0120_ZKFV71L-07_B86HB.biom')	1.0
1009	('ZX52KVK', 22, 'HMP2_J80069_1_ST_T0_B0_0120_ZX52KVK-1034_B86HB.biom')	1.0
1010	('ZR3WH7V', 10, 'HMP2_J80071_1_ST_T0_B0_0120_ZR3WH7V-6022_B86HB.biom')	1.0
1011	('ZN9YTFN', 27, 'HMP2_J80073_1_ST_T0_B0_0120_ZN9YTFN-08_B86HB.biom')	1.0
1012	('ZJTKAE3', 10, 'HMP2_J80074_1_ST_T0_B0_0120_ZJTKAE3-06_B86HB.biom')	1.0
1013	('ZRB0F6P', 9, 'HMP2_J80078_1_ST_T0_B0_0120_ZRB0F6P-6022_B86HB.biom')	1.0
1014	('ZX52KVK', 34, 'HMP2_J80082_1_ST_T0_B0_0120_ZX52KVK-07_B86HB.biom')	1.0
1015	('ZTL8083', 1, 'HMP2_J80088_1_ST_T0_B0_0120_ZTL8083-01_B86HB.biom')	1.0
1016	('ZN9YTFN', 12, 'HMP2_J80092_1_ST_T0_B0_0120_ZN9YTFN-6014_B86HB.biom')	1.0
1017	('ZJXC41N', 3, 'HMP2_J80093_1_ST_T0_B0_0120_ZJXC41N-02_B86HB.biom')	1.0
1018	('ZMBVNFM', 5, 'HMP2_J80094_1_ST_T0_B0_0120_ZMBVNFM-5011_B86HB.biom')	1.0
1019	('ZYU89T9', 3, 'HMP2_J80095_1_ST_T0_B0_0120_ZYU89T9-2012_B86HB.biom')	1.0
1020	('ZLPZS0H', 9, 'HMP2_J80096_1_ST_T0_B0_0120_ZLPZS0H-09_B86HB.biom')	1.0
1021	('ZLTUJTN', 5, 'HMP2_J80099_1_ST_T0_B0_0120_ZLTUJTN-05_B86HB.biom')	1.0
1022	('ZN3TBJM', 12, 'HMP2_J80100_1_ST_T0_B0_0120_ZN3TBJM-1012_B86HB.biom')	1.0
1023	('ZNED4XZ', 5, 'HMP2_J80101_1_ST_T0_B0_0120_ZNED4XZ-04_B86HB.biom')	1.0
1024	('ZN9TKCJ', 1, 'HMP2_J80105_1_ST_T0_B0_0120_ZN9TKCJ-01_B86HB.biom')	1.0
1025	('ZNED4XZ', 3, 'HMP2_J80106_1_ST_T0_B0_0120_ZNED4XZ-3001_B86HB.biom')	1.0
1026	('ZNED4XZ', 4, 'HMP2_J80107_1_ST_T0_B0_0120_ZNED4XZ-03_B86HB.biom')	1.0
1027	('ZLPZS0H', 8, 'HMP2_J80108_1_ST_T0_B0_0120_ZLPZS0H-08_B86HB.biom')	1.0
1028	('ZLPZS0H', 7, 'HMP2_J80109_1_ST_T0_B0_0120_ZLPZS0H-07_B86HB.biom')	1.0
1029	('ZOZOW1T', 197, 'HMP2_J83824_1_ST_T0_B0_0120_ZOZOW1T-7026_B86HB.biom')	1.0
1030	('ZOZOW1T', 999, 'HMP2_J83825_1_ST_T0_B0_0120_ZOZOW1T-E11_B86HB.biom')	1.0
1031	('ZN3TBJM', 2044, 'HMP2_J83827_1_ST_T0_B0_0120_ZN3TBJM-2044_B86HB.biom')	1.0
1032	('ZN3TBJM', 4015, 'HMP2_J83828_1_ST_T0_B0_0120_ZN3TBJM-4015_B86HB.biom')	1.0
1033	('ZMBVNFM', 19, 'HMP2_J83829_1_ST_T0_B0_0120_ZMBVNFM-1023_B86HB.biom')	1.0
1034	('ZM8YXDM', 11, 'HMP2_J83830_1_ST_T0_B0_0120_ZM8YXDM-11_B86HB.biom')	1.0
1035	('ZM7JY3G', 12, 'HMP2_J83831_1_ST_T0_B0_0120_ZM7JY3G-12_B86HB.biom')	1.0
1036	('ZLZNCLZ', 12, 'HMP2_J83832_1_ST_T0_B0_0120_ZLZNCLZ-12_B86HB.biom')	1.0
1037	('ZYHHR4Z', 8025, 'HMP2_J83833_1_ST_T0_B0_0120_ZYHHR4Z-8025_B86HB.biom')	1.0
1038	('ZVBQY1N', 999, 'HMP2_J83836_1_ST_T0_B0_0120_ZVBQY1N-1012_B86HB.biom')	1.0
1039	('ZUF48YS', 999, 'HMP2_J83837_1_ST_T0_B0_0120_ZUF48YS-05_B86HB.biom')	1.0
1040	('ZPEL6L3', 1014, 'HMP2_J83838_1_ST_T0_B0_0120_ZPEL6L3-1014_B86HB.biom')	1.0
1041	('ZN9YTFN', 3, 'otu_table.biom')	1.0
1042	('ZN9YTFN', 5, 'otu_table.biom')	1.0
1043	('ZN9YTFN', 2, 'otu_table.biom')	1.0
1044	('ZN9YTFN', 6, 'otu_table.biom')	1.0
1045	('ZN9YTFN', 7, 'otu_table.biom')	1.0
1046	('ZN9YTFN', 4, 'otu_table.biom')	1.0
1047	('ZN9YTFN', 1, 'otu_table.biom')	1.0
1048	('ZKFV71L', 1, 'otu_table.biom')	1.0
1049	('ZKFV71L', 2, 'otu_table.biom')	1.0
1050	('ZKFV71L', 4, 'otu_table.biom')	1.0
1051	('ZL9BTWF', 3, 'otu_table.biom')	1.0
1052	('ZL9BTWF', 4, 'otu_table.biom')	1.0
1053	('ZL9BTWF', 2, 'otu_table.biom')	1.0
1054	('ZL9BTWF', 6, 'otu_table.biom')	1.0
1055	('ZL9BTWF', 1, 'otu_table.biom')	1.0
1056	('ZL9BTWF', 7, 'otu_table.biom')	1.0
1057	('ZK4CK8Y', 2, 'otu_table.biom')	1.0
1058	('ZK4CK8Y', 4, 'otu_table.biom')	1.0
1059	('ZK4CK8Y', 3, 'otu_table.biom')	1.0
1060	('ZLZQMEV', 1, 'otu_table.biom')	1.0
1061	('ZLZQMEV', 3, 'otu_table.biom')	1.0
1062	('ZLZQMEV', 7, 'otu_table.biom')	1.0
1063	('ZLZQMEV', 8, 'otu_table.biom')	1.0
1064	('ZLZQMEV', 5, 'otu_table.biom')	1.0
1065	('ZOZOW1T', 8, 'otu_table.biom')	1.0
1066	('ZOZOW1T', 13, 'otu_table.biom')	1.0
1067	('ZOZOW1T', 1, 'otu_table.biom')	1.0
1068	('ZOZOW1T', 6, 'otu_table.biom')	1.0
1069	('ZOZOW1T', 9, 'otu_table.biom')	1.0
1070	('ZOZOW1T', 11, 'otu_table.biom')	1.0
1071	('ZOZOW1T', 7, 'otu_table.biom')	1.0
1072	('ZOZOW1T', 3, 'otu_table.biom')	1.0
1073	('ZOZOW1T', 5, 'otu_table.biom')	1.0
1074	('ZOZOW1T', 10, 'otu_table.biom')	1.0
1075	('ZOZOW1T', 4, 'otu_table.biom')	1.0
1076	('ZMBH10Z', 1, 'otu_table.biom')	1.0
1077	('ZMBH10Z', 2, 'otu_table.biom')	1.0
1078	('ZMBH10Z', 3, 'otu_table.biom')	1.0
1079	('ZLZNCLZ', 1, 'otu_table.biom')	1.0
1080	('ZLZNCLZ', 4, 'otu_table.biom')	1.0
1081	('ZKVR426', 4, 'otu_table.biom')	1.0
1082	('ZKVR426', 6, 'otu_table.biom')	1.0
1083	('ZKVR426', 2, 'otu_table.biom')	1.0
1084	('ZKVR426', 7, 'otu_table.biom')	1.0
1085	('ZKVR426', 8, 'otu_table.biom')	1.0
1086	('ZKVR426', 3, 'otu_table.biom')	1.0
1087	('ZKVR426', 9, 'otu_table.biom')	1.0
1088	('ZKVR426', 10, 'otu_table.biom')	1.0
1089	('ZKVR426', 1, 'otu_table.biom')	1.0
1090	('ZJTKAE3', 4, 'otu_table.biom')	1.0
1091	('ZJTKAE3', 2, 'otu_table.biom')	1.0
1092	('ZJTKAE3', 1, 'otu_table.biom')	1.0
1093	('ZLYEM2C', 3, 'otu_table.biom')	1.0
1094	('ZLYEM2C', 5, 'otu_table.biom')	1.0
1095	('ZLYEM2C', 1, 'otu_table.biom')	1.0
1096	('ZMBVNFM', 4, 'otu_table.biom')	1.0
1097	('ZMBVNFM', 2, 'otu_table.biom')	1.0
1098	('ZMBVNFM', 3, 'otu_table.biom')	1.0
1099	('ZN0JE53', 4, 'otu_table.biom')	1.0
1100	('ZN0JE53', 2, 'otu_table.biom')	1.0
1101	('ZN0JE53', 3, 'otu_table.biom')	1.0
1102	('ZN0JE53', 1, 'otu_table.biom')	1.0
1103	('ZUL3S6O', 14, 'otu_table.biom')	1.0
1104	('ZM7JY3G', 4, 'otu_table.biom')	1.0
1105	('ZM7JY3G', 2, 'otu_table.biom')	1.0
1106	('ZM7JY3G', 1, 'otu_table.biom')	1.0
1107	('ZLGD9M0', 1, 'otu_table.biom')	1.0
1108	('ZLGD9M0', 6, 'otu_table.biom')	1.0
1109	('ZLGD9M0', 3, 'otu_table.biom')	1.0
1110	('ZMGT937', 2, 'otu_table.biom')	1.0
1111	('ZMGT937', 4, 'otu_table.biom')	1.0
1112	('ZMGT937', 6, 'otu_table.biom')	1.0
1113	('ZMGT937', 1, 'otu_table.biom')	1.0
1114	('ZK112BX', 2, 'otu_table.biom')	1.0
